Age,Gender,Annual_Income,Occupation,Credit_Score,Family_Size,Car_Ownership,House_Ownership,Education,Marital_Status,Distance_to_Work,Monthly_Expenses,Savings,Preferred_Car_Type,Purchased
56,Male,49241,Doctor,593,5,No,Rent,Bachelor,Married,41,2962,72127,Truck,0
46,Female,116214,Business,576,6,Yes,Own,Bachelor,Married,3,4793,28757,Sedan,1
32,Female,64569,Teacher,737,4,Yes,Rent,High School,Married,33,3894,17226,Hatchback,0
60,Female,31745,Teacher,406,5,No,Own,Master,Married,1,1579,96268,SUV,1
25,Male,46029,Student,719,3,Yes,Rent,PhD,Single,5,3378,62407,Sedan,1
38,Male,33025,Teacher,728,2,No,Own,Master,Married,13,1103,28206,SUV,1
56,Male,121660,Doctor,674,5,Yes,Rent,PhD,Single,19,2085,21256,Truck,1
36,Male,143395,Doctor,372,3,Yes,Own,PhD,Single,12,3557,34822,SUV,1
40,Male,34288,Engineer,329,3,Yes,Rent,Master,Single,48,4485,42340,SUV,0
28,Male,109186,Doctor,487,3,No,Rent,Bachelor,Single,25,1895,53234,Hatchback,1
28,Male,26540,Manager,663,6,Yes,Own,PhD,Single,35,4188,44351,Sedan,1
41,Male,117768,Teacher,750,6,No,Rent,Master,Married,12,1099,49671,SUV,1
53,Female,101958,Doctor,494,3,Yes,Own,High School,Married,30,1013,76320,SUV,1
57,Female,88878,Student,455,6,No,Own,Master,Single,5,1566,36157,Truck,1
41,Male,61846,Engineer,471,4,Yes,Own,High School,Single,34,3386,20937,Truck,0
20,Male,121148,Teacher,340,3,No,Rent,PhD,Married,22,3153,55290,SUV,0
39,Female,95932,Engineer,362,4,No,Rent,Master,Married,39,1588,47707,Sedan,1
19,Male,37482,Teacher,322,4,No,Own,Master,Single,13,4885,12219,SUV,0
41,Male,43411,Student,659,3,No,Own,High School,Married,47,3014,10399,SUV,0
61,Male,70975,Engineer,374,2,No,Rent,Master,Married,3,4469,99848,Hatchback,1
47,Female,80545,Business,417,3,No,Rent,Master,Married,20,3784,28657,Sedan,1
55,Female,132302,Manager,679,3,Yes,Rent,PhD,Single,31,2696,21047,Hatchback,1
19,Female,98797,Manager,589,6,No,Own,Master,Married,5,4683,77095,Sedan,1
38,Female,72307,Teacher,739,3,No,Own,Bachelor,Single,24,1289,86693,Sedan,1
50,Female,23093,Business,306,2,No,Own,High School,Single,40,3975,73154,Sedan,0
29,Male,97258,Engineer,495,6,Yes,Own,Master,Single,33,3653,45891,Hatchback,1
39,Female,42042,Business,720,1,Yes,Own,High School,Single,8,2164,7780,Hatchback,1
61,Male,72930,Business,492,1,Yes,Rent,High School,Single,24,1809,28050,Hatchback,1
42,Male,137584,Engineer,447,4,No,Own,High School,Married,20,1364,74551,Truck,1
44,Female,64413,Student,501,4,Yes,Rent,Master,Single,16,4363,69666,Hatchback,0
59,Female,133387,Business,743,2,Yes,Rent,Master,Single,12,3863,94619,Truck,1
45,Male,113623,Business,718,5,No,Own,High School,Single,13,4024,83016,Truck,1
33,Male,117883,Student,726,1,No,Rent,Bachelor,Married,45,4286,54010,Truck,1
32,Male,53756,Business,778,4,Yes,Own,High School,Married,42,523,39165,SUV,1
64,Female,73268,Business,774,1,No,Rent,Bachelor,Married,39,3503,12528,SUV,1
61,Female,59214,Business,425,2,No,Own,High School,Married,25,810,50608,SUV,1
20,Female,101871,Manager,694,2,No,Own,PhD,Married,46,1731,6914,Truck,1
54,Female,147844,Doctor,624,5,No,Rent,High School,Married,32,4288,38136,Truck,1
24,Female,48602,Student,691,5,Yes,Own,High School,Married,24,3211,12179,Sedan,0
38,Male,73331,Business,739,6,No,Rent,Master,Single,48,921,87008,Truck,1
26,Female,68901,Manager,503,2,Yes,Own,Bachelor,Single,47,2273,13076,SUV,0
56,Male,119986,Student,785,4,Yes,Own,PhD,Married,44,4068,25783,Truck,1
35,Male,83416,Teacher,330,1,Yes,Own,Bachelor,Single,9,1446,47716,Truck,1
21,Male,52196,Teacher,687,3,Yes,Rent,PhD,Single,40,1686,51298,Sedan,1
42,Female,148386,Business,733,5,No,Rent,High School,Married,23,2334,55304,Truck,1
31,Female,25626,Manager,675,3,No,Own,Master,Single,13,2064,80360,Hatchback,1
26,Female,27424,Manager,643,4,No,Rent,Master,Single,32,2447,70835,Sedan,0
43,Male,32857,Student,742,5,Yes,Own,Bachelor,Married,15,1808,9118,Truck,1
19,Male,130459,Student,374,3,Yes,Rent,Master,Single,36,3486,77292,Truck,0
37,Male,135621,Manager,454,4,Yes,Rent,Bachelor,Married,49,886,57911,Sedan,1
45,Male,39982,Student,729,1,No,Own,Bachelor,Married,5,1661,74489,Truck,1
64,Male,96961,Manager,662,4,Yes,Own,PhD,Single,22,3758,16185,SUV,1
24,Male,21980,Doctor,747,6,No,Own,Bachelor,Single,16,4433,42792,Hatchback,1
61,Female,68290,Manager,533,5,No,Own,PhD,Single,41,3347,81210,Hatchback,0
25,Female,46431,Teacher,561,2,No,Own,Master,Married,10,1939,51613,SUV,1
64,Female,104976,Student,424,1,No,Rent,Bachelor,Married,24,3942,34927,Truck,1
52,Female,127288,Manager,544,3,Yes,Rent,Bachelor,Married,18,4980,1386,Truck,0
31,Male,102711,Manager,841,5,No,Own,High School,Single,49,555,93153,Hatchback,1
34,Male,134187,Student,784,2,Yes,Own,Bachelor,Single,18,3824,73728,Truck,1
53,Female,46385,Doctor,421,4,No,Own,Bachelor,Married,7,605,77281,Hatchback,1
57,Male,58158,Doctor,424,2,Yes,Rent,High School,Single,4,3701,31020,Hatchback,0
21,Female,43019,Student,848,5,Yes,Own,High School,Single,26,1169,43678,SUV,1
19,Female,38639,Engineer,469,5,No,Own,Master,Married,5,4971,87695,Hatchback,0
23,Female,105530,Student,423,6,No,Rent,Bachelor,Married,16,1242,62394,Truck,1
59,Male,119911,Student,334,6,No,Rent,Master,Single,35,1466,69945,Truck,1
21,Female,41563,Doctor,386,2,Yes,Rent,Master,Married,26,807,57414,Sedan,0
46,Female,59341,Doctor,500,4,No,Rent,High School,Single,18,2638,55816,Truck,0
35,Female,135672,Student,668,2,No,Own,PhD,Married,29,3964,56918,Sedan,1
43,Male,25776,Student,376,5,Yes,Rent,Master,Married,23,609,92281,Hatchback,0
61,Male,56444,Student,358,5,No,Rent,PhD,Married,14,4132,63694,Truck,0
51,Female,88916,Doctor,730,3,Yes,Own,Bachelor,Single,15,4935,30455,SUV,1
27,Male,28711,Student,799,6,No,Own,High School,Single,49,2415,39735,SUV,1
53,Male,94318,Student,408,3,Yes,Own,Bachelor,Married,33,4763,95702,SUV,1
31,Male,102970,Business,577,1,Yes,Rent,Bachelor,Married,25,1056,94608,Hatchback,1
48,Male,132301,Engineer,367,5,No,Own,High School,Married,21,604,13109,Hatchback,1
32,Male,105553,Teacher,368,3,Yes,Rent,Bachelor,Single,17,2547,46802,Sedan,1
25,Male,50707,Engineer,464,2,No,Rent,High School,Married,23,645,69020,SUV,0
31,Male,59110,Business,788,6,No,Rent,PhD,Married,43,3263,35622,Sedan,1
40,Male,149410,Teacher,604,6,Yes,Own,Bachelor,Married,17,1373,3597,Sedan,1
57,Male,81788,Student,664,4,No,Rent,High School,Married,14,798,41597,Truck,1
38,Male,102879,Business,678,2,Yes,Own,Master,Single,29,3738,41954,Truck,1
33,Female,58827,Student,642,4,Yes,Own,Bachelor,Single,20,1145,70519,SUV,1
62,Female,127188,Doctor,653,3,Yes,Own,PhD,Married,30,3578,57115,Hatchback,1
35,Male,25655,Manager,715,1,Yes,Rent,High School,Single,19,3011,44151,Truck,1
64,Female,64859,Business,408,2,Yes,Rent,Bachelor,Single,39,1283,18040,Hatchback,0
41,Female,73625,Doctor,796,2,Yes,Rent,Bachelor,Single,13,870,45772,Sedan,1
43,Male,72098,Business,640,2,Yes,Own,Bachelor,Married,18,986,97090,Sedan,1
42,Male,35251,Business,682,4,Yes,Rent,PhD,Single,23,2537,64832,Sedan,1
62,Male,142413,Doctor,832,3,No,Rent,High School,Single,46,3696,28916,Sedan,1
58,Female,20526,Teacher,599,2,No,Rent,Master,Single,33,1860,45871,SUV,0
46,Female,88760,Engineer,438,2,Yes,Rent,Master,Married,39,4787,27372,Sedan,1
32,Male,67837,Student,658,6,No,Rent,Master,Married,40,2761,62707,Truck,1
62,Male,145133,Business,798,1,No,Own,High School,Single,18,3121,40080,Sedan,1
18,Male,149478,Student,684,6,No,Own,Master,Single,9,1456,43722,Hatchback,1
42,Female,31536,Manager,579,6,No,Own,PhD,Married,33,880,30048,Truck,1
24,Female,48541,Doctor,782,1,No,Own,High School,Married,32,4149,86205,Hatchback,1
26,Female,99083,Student,410,3,No,Rent,Bachelor,Single,17,738,10777,Hatchback,0
41,Female,71027,Doctor,438,6,Yes,Own,PhD,Single,19,1605,55711,SUV,1
18,Male,54531,Student,734,3,No,Rent,Bachelor,Married,27,1886,37331,SUV,1
61,Male,28712,Engineer,808,6,No,Own,Master,Married,6,3052,21968,Hatchback,1
25,Male,124101,Engineer,572,5,No,Own,PhD,Single,35,2749,54969,Hatchback,1
41,Male,85455,Engineer,398,1,No,Own,High School,Married,37,2027,12292,Sedan,1
28,Female,94744,Engineer,403,6,Yes,Rent,PhD,Single,34,2167,41794,Truck,1
34,Female,141787,Engineer,513,5,Yes,Rent,Bachelor,Single,20,4632,80459,Sedan,1
25,Male,149749,Engineer,464,4,Yes,Own,High School,Single,25,3191,51192,SUV,1
52,Male,25109,Doctor,819,5,Yes,Rent,PhD,Married,4,4172,28703,SUV,1
52,Female,141332,Business,583,2,No,Own,PhD,Single,10,2496,85193,Sedan,1
50,Male,69268,Student,816,6,Yes,Own,PhD,Single,10,1925,70165,Truck,1
22,Female,120737,Engineer,463,5,Yes,Own,PhD,Married,24,3312,68650,Hatchback,1
59,Male,74615,Doctor,363,3,Yes,Rent,High School,Married,21,3747,57516,Sedan,1
56,Male,102503,Doctor,390,4,Yes,Own,Bachelor,Single,11,3092,92110,SUV,1
58,Male,143274,Doctor,416,6,No,Own,PhD,Single,27,1990,98885,Truck,1
45,Male,49759,Business,566,2,Yes,Own,High School,Married,16,1724,23257,SUV,1
24,Male,105708,Student,439,5,No,Rent,Bachelor,Married,26,3087,84509,Truck,0
26,Male,80112,Business,545,4,Yes,Own,PhD,Married,30,3564,92273,Truck,1
25,Male,122471,Teacher,694,6,No,Rent,Bachelor,Single,49,1332,52672,Truck,1
29,Female,146740,Doctor,786,4,No,Own,Bachelor,Single,16,2940,64308,Sedan,1
51,Female,143153,Teacher,775,2,Yes,Rent,High School,Single,7,2146,78583,Sedan,1
50,Female,46589,Manager,816,5,Yes,Own,Bachelor,Married,16,940,23113,Sedan,1
40,Female,50015,Engineer,483,4,Yes,Own,High School,Single,35,2029,1694,Truck,0
41,Female,49009,Engineer,319,4,Yes,Rent,PhD,Married,16,3465,16588,Truck,0
54,Male,103309,Business,823,1,No,Rent,Bachelor,Single,40,2867,62756,SUV,1
52,Male,146446,Student,828,4,No,Own,Bachelor,Married,12,3786,65085,Hatchback,1
61,Female,82046,Teacher,446,1,Yes,Rent,Master,Single,35,4831,62142,Sedan,1
57,Male,126661,Student,603,5,Yes,Own,PhD,Single,49,1804,65373,Truck,1
39,Female,46143,Business,527,6,No,Own,PhD,Married,21,3534,86603,SUV,0
44,Female,26154,Engineer,401,6,Yes,Own,Master,Married,43,4188,7704,SUV,0
52,Male,41804,Student,716,5,No,Rent,Master,Single,36,4473,41136,SUV,1
18,Male,61688,Student,515,5,Yes,Own,High School,Married,48,1685,68507,Sedan,0
52,Male,84288,Engineer,706,3,No,Rent,High School,Married,17,3762,48361,Sedan,1
54,Female,71195,Teacher,698,5,No,Own,Bachelor,Single,32,2607,59847,Hatchback,1
64,Male,40581,Engineer,798,4,No,Rent,Bachelor,Married,41,2340,12441,SUV,0
31,Female,72648,Student,764,6,No,Rent,Bachelor,Single,6,4820,98012,Sedan,1
20,Female,50087,Teacher,381,2,No,Own,Bachelor,Single,24,3247,15677,SUV,0
18,Female,69930,Teacher,664,6,Yes,Rent,High School,Married,27,4764,28818,Truck,0
22,Male,52981,Engineer,462,1,No,Own,PhD,Married,20,3633,2868,SUV,0
43,Male,89298,Student,347,6,Yes,Own,Bachelor,Single,25,3920,84591,Hatchback,1
31,Female,66167,Business,810,3,No,Own,PhD,Single,2,1965,68264,Sedan,1
56,Male,95304,Student,628,5,No,Own,Bachelor,Single,9,4609,74168,Truck,1
44,Male,63408,Doctor,415,5,Yes,Own,Master,Single,28,2711,13043,Sedan,0
26,Male,59499,Manager,636,6,Yes,Rent,Bachelor,Single,38,3304,72939,Truck,0
32,Female,145816,Business,446,2,Yes,Own,Bachelor,Single,3,2043,16732,SUV,1
32,Female,72269,Teacher,622,2,Yes,Rent,Bachelor,Married,20,2189,56244,SUV,1
43,Male,58559,Business,742,3,No,Rent,High School,Married,6,2071,19526,Hatchback,0
59,Female,134126,Teacher,312,1,Yes,Own,Master,Married,39,3779,10340,Hatchback,0
30,Male,94319,Teacher,793,6,No,Rent,Bachelor,Single,33,4041,23394,Truck,1
49,Male,131925,Business,586,5,Yes,Own,Bachelor,Married,1,3523,99557,Hatchback,1
56,Male,115317,Teacher,413,6,Yes,Rent,PhD,Single,37,1318,5102,Hatchback,0
49,Male,116347,Teacher,779,3,No,Rent,Master,Single,6,1624,20159,Hatchback,1
21,Female,68787,Doctor,321,4,No,Rent,Bachelor,Married,45,1629,66092,Hatchback,0
47,Female,55488,Student,648,4,Yes,Own,PhD,Single,34,2202,7212,SUV,0
54,Female,94441,Student,619,3,No,Rent,PhD,Single,47,2501,98360,Hatchback,1
40,Male,94663,Manager,425,5,No,Own,High School,Single,15,4378,38405,SUV,1
56,Male,42431,Manager,576,3,No,Rent,PhD,Single,45,4872,78061,SUV,0
62,Male,81681,Doctor,503,5,No,Rent,Bachelor,Single,26,2306,95296,Sedan,1
32,Female,83483,Manager,493,2,No,Rent,High School,Single,14,3447,56186,SUV,1
60,Male,142720,Business,846,3,No,Rent,High School,Married,7,3709,45239,SUV,1
46,Female,69153,Engineer,585,5,No,Own,Bachelor,Single,46,2652,93993,Hatchback,1
53,Female,26368,Engineer,356,3,No,Own,Master,Single,31,4705,11532,SUV,0
30,Female,47424,Engineer,602,3,Yes,Rent,PhD,Single,24,1044,80054,Truck,0
49,Female,132360,Doctor,462,5,No,Rent,High School,Single,31,2901,73012,Hatchback,1
24,Female,65004,Doctor,318,5,Yes,Own,Master,Married,29,2864,86279,Hatchback,0
39,Female,103869,Teacher,669,1,No,Own,Bachelor,Married,42,1789,67540,Hatchback,1
45,Male,108652,Engineer,563,3,No,Own,PhD,Single,32,4265,4271,Sedan,0
19,Male,132755,Business,412,4,No,Own,PhD,Single,17,2375,46482,Hatchback,1
59,Female,76985,Manager,787,3,No,Rent,High School,Single,14,4928,1209,SUV,1
62,Female,70069,Business,626,3,Yes,Rent,PhD,Married,40,1282,91999,Truck,1
23,Male,72326,Manager,841,5,Yes,Own,PhD,Married,36,1039,6539,Hatchback,1
45,Female,128737,Engineer,364,3,No,Own,PhD,Married,48,3282,20977,Hatchback,1
45,Female,101061,Engineer,591,6,Yes,Own,PhD,Married,24,3168,75142,Truck,1
61,Male,43398,Engineer,324,3,No,Own,Bachelor,Single,45,4437,69684,Hatchback,0
61,Female,118393,Doctor,848,6,No,Own,Master,Married,27,3456,6607,Sedan,1
37,Female,70861,Manager,300,4,Yes,Own,Bachelor,Married,25,4222,86122,SUV,1
47,Female,95897,Doctor,848,5,Yes,Rent,Bachelor,Single,32,4367,95786,Truck,1
28,Male,101905,Doctor,440,3,No,Rent,High School,Single,18,2333,52939,Truck,1
45,Male,147118,Student,487,6,No,Rent,PhD,Married,46,2646,19594,Sedan,0
42,Male,88577,Business,427,6,Yes,Own,Bachelor,Married,18,2670,59382,SUV,1
56,Female,85641,Business,500,6,No,Own,PhD,Married,37,3891,8399,Sedan,0
50,Female,29078,Teacher,426,2,Yes,Own,Bachelor,Married,26,2116,26117,SUV,1
18,Male,45003,Doctor,556,1,No,Rent,Bachelor,Single,9,1416,99662,Sedan,0
44,Female,82768,Manager,846,4,No,Own,High School,Single,35,3256,34617,Hatchback,1
30,Female,71047,Student,493,3,Yes,Own,Master,Married,8,2436,8498,Sedan,1
58,Female,91626,Student,403,2,Yes,Rent,Master,Married,20,4542,51624,Truck,1
20,Female,77660,Business,834,3,Yes,Own,Bachelor,Married,42,3591,10628,Truck,1
56,Female,124386,Doctor,564,3,No,Rent,High School,Married,22,1468,1329,Truck,0
23,Male,69786,Teacher,683,5,No,Rent,PhD,Married,19,3864,39619,Sedan,0
25,Female,21925,Doctor,559,5,No,Own,PhD,Single,30,3703,8032,Truck,0
44,Male,103976,Engineer,713,5,No,Rent,Bachelor,Single,28,1389,49094,Truck,1
26,Female,125221,Doctor,657,2,Yes,Own,Master,Single,35,1292,39034,Hatchback,1
54,Male,137832,Engineer,374,3,No,Rent,High School,Married,43,3958,87158,Hatchback,1
50,Female,145150,Engineer,654,1,No,Own,Master,Married,11,1481,56264,SUV,1
59,Male,46015,Teacher,487,4,No,Rent,PhD,Single,31,4031,95120,SUV,0
61,Female,53320,Manager,589,5,Yes,Own,Master,Single,49,4029,48850,SUV,0
41,Male,84881,Business,344,5,No,Rent,PhD,Married,48,1301,5722,Sedan,0
32,Female,110827,Doctor,382,3,No,Rent,High School,Single,39,542,18772,SUV,0
49,Male,140071,Engineer,422,3,Yes,Rent,High School,Married,36,3849,87105,Sedan,1
49,Female,122215,Doctor,657,2,No,Own,Bachelor,Married,30,2277,42679,Sedan,1
41,Male,46289,Manager,827,2,No,Own,Bachelor,Single,23,3701,69771,SUV,1
58,Male,148859,Business,365,5,Yes,Rent,Master,Single,19,849,5576,SUV,0
29,Female,23389,Manager,674,3,No,Own,High School,Single,12,2067,27707,Sedan,1
56,Female,45683,Business,461,1,No,Rent,High School,Married,15,1629,42632,Hatchback,0
19,Male,33629,Student,679,4,No,Own,Bachelor,Married,31,3459,42476,Truck,1
20,Female,81550,Business,657,3,Yes,Rent,PhD,Single,43,4287,31285,Truck,1
54,Male,44826,Teacher,487,3,No,Own,Master,Married,37,2280,25154,Truck,1
34,Male,120734,Manager,621,6,No,Rent,Master,Married,37,1083,21054,Hatchback,1
19,Male,46630,Engineer,749,2,Yes,Rent,Bachelor,Married,15,3877,18165,Sedan,0
19,Female,118762,Student,773,4,Yes,Rent,High School,Single,29,3901,15439,SUV,0
45,Male,66163,Teacher,312,5,No,Rent,Bachelor,Married,43,3685,45518,Sedan,0
40,Male,118511,Doctor,483,3,No,Own,Bachelor,Single,26,2694,89051,Sedan,1
54,Female,86435,Manager,410,5,No,Rent,Bachelor,Single,44,1662,27962,SUV,1
49,Female,31653,Engineer,807,3,No,Own,Bachelor,Married,2,798,54934,Hatchback,1
50,Female,47961,Business,589,5,Yes,Own,PhD,Single,20,3847,38763,Truck,0
18,Female,101941,Engineer,594,4,No,Rent,PhD,Married,15,2439,65094,Truck,1
36,Male,94137,Doctor,750,2,Yes,Own,High School,Single,4,1288,20464,Sedan,1
19,Male,53662,Student,514,4,Yes,Own,Bachelor,Single,22,3389,43036,Hatchback,0
61,Male,118818,Student,326,6,No,Own,PhD,Married,38,1877,96949,Truck,1
43,Male,76446,Manager,530,1,No,Rent,High School,Single,23,2449,34270,Hatchback,1
49,Female,41288,Student,620,2,Yes,Own,Bachelor,Single,26,3772,43299,SUV,0
23,Male,142555,Manager,532,4,Yes,Own,Master,Single,11,1377,86805,Sedan,1
49,Male,115081,Manager,736,6,No,Rent,PhD,Married,28,4242,32541,Sedan,1
21,Female,56877,Manager,832,1,Yes,Rent,High School,Married,2,2077,74545,Hatchback,1
28,Male,131562,Business,702,6,No,Own,Master,Single,8,3639,83543,Truck,1
34,Male,35313,Teacher,352,3,No,Rent,Bachelor,Single,29,2992,92998,Hatchback,0
55,Male,100885,Manager,612,3,Yes,Own,Bachelor,Single,11,3255,78078,SUV,1
41,Male,92715,Manager,580,5,Yes,Own,Bachelor,Married,37,2403,83970,Truck,1
22,Male,30326,Teacher,330,2,No,Own,PhD,Married,18,1882,30765,Truck,0
51,Male,130091,Engineer,636,3,Yes,Rent,High School,Single,14,4740,24769,Hatchback,1
23,Female,145836,Manager,482,6,No,Own,Master,Married,10,2822,89001,SUV,1
39,Female,21560,Business,322,2,No,Rent,High School,Married,35,3056,88404,Truck,0
28,Male,99148,Student,843,3,No,Rent,PhD,Married,9,2361,21156,Sedan,1
33,Male,103186,Student,745,5,Yes,Own,High School,Married,35,2366,86836,SUV,1
50,Female,46745,Doctor,373,4,No,Rent,PhD,Single,11,4547,51481,Truck,0
26,Male,51890,Doctor,309,5,No,Rent,Bachelor,Married,44,3675,14435,Hatchback,0
23,Male,40022,Student,783,1,No,Rent,Master,Married,12,1598,70650,Truck,1
33,Male,143629,Student,755,3,No,Rent,Bachelor,Single,3,2234,47336,Sedan,1
46,Female,72579,Business,459,1,No,Rent,High School,Single,39,3916,37135,SUV,1
20,Male,90316,Teacher,313,1,No,Own,Bachelor,Married,14,1180,74631,Truck,1
37,Female,103847,Doctor,477,6,No,Rent,Master,Married,28,2570,38909,Sedan,1
53,Male,48380,Teacher,711,2,No,Own,Bachelor,Single,11,2229,70487,Truck,1
36,Female,130198,Business,352,6,No,Own,Master,Single,39,2691,22468,Truck,1
43,Female,22356,Student,707,3,No,Own,Master,Single,25,1167,93609,SUV,1
20,Male,90326,Manager,321,1,No,Own,Bachelor,Married,21,2112,48655,Hatchback,1
36,Female,112447,Teacher,329,4,Yes,Own,PhD,Married,10,1180,35341,Hatchback,1
37,Male,134994,Student,559,1,No,Own,High School,Single,43,1472,65182,Sedan,1
49,Female,109899,Student,504,4,No,Rent,PhD,Married,15,3346,52786,Sedan,1
24,Male,40049,Engineer,358,6,No,Rent,PhD,Single,19,2632,69304,Sedan,0
58,Male,95717,Teacher,770,6,Yes,Rent,Bachelor,Married,48,2963,47514,SUV,1
50,Female,125361,Manager,765,2,No,Own,High School,Single,22,3029,34979,Hatchback,1
57,Male,36082,Teacher,311,1,Yes,Rent,High School,Single,21,3003,91887,Sedan,0
56,Male,20661,Student,589,5,No,Rent,PhD,Married,44,4892,81981,Sedan,0
35,Female,57412,Manager,653,6,No,Rent,Bachelor,Married,32,3683,56107,Truck,1
57,Male,134015,Business,374,6,Yes,Own,High School,Married,23,4533,2160,Truck,0
18,Male,143191,Engineer,740,2,No,Rent,PhD,Married,13,3667,88897,Sedan,1
28,Female,22920,Student,540,4,Yes,Own,High School,Married,5,3497,73577,Truck,0
45,Female,111194,Doctor,453,2,Yes,Rent,Bachelor,Married,4,3727,85303,Truck,1
42,Male,134306,Doctor,395,1,No,Own,Bachelor,Single,28,2652,11846,Truck,1
40,Male,80315,Engineer,593,3,No,Own,Bachelor,Married,14,2228,20924,SUV,1
48,Female,99561,Business,508,3,No,Own,High School,Single,8,2524,14882,Sedan,1
47,Female,28946,Student,642,4,No,Rent,Master,Single,9,829,81274,Sedan,0
59,Male,114242,Teacher,387,6,Yes,Rent,High School,Married,35,2986,87555,Truck,1
52,Female,65500,Engineer,689,4,Yes,Own,Master,Single,37,1655,2095,SUV,1
24,Male,124540,Business,624,6,No,Rent,Bachelor,Single,21,2390,41983,Truck,1
33,Male,36309,Teacher,456,6,Yes,Own,PhD,Married,18,4977,15123,SUV,0
43,Male,75230,Doctor,436,3,Yes,Own,Master,Married,33,2685,94668,Sedan,1
19,Male,131822,Doctor,727,4,No,Rent,Bachelor,Married,8,2817,67615,Truck,1
18,Male,118656,Teacher,751,2,Yes,Rent,Bachelor,Single,49,4121,96193,Sedan,1
29,Female,143782,Engineer,440,6,Yes,Rent,Master,Married,17,4991,46278,SUV,1
22,Female,50027,Doctor,382,5,No,Own,PhD,Married,43,3011,98911,Hatchback,0
54,Female,146768,Student,476,5,Yes,Own,Bachelor,Married,31,949,91290,SUV,1
49,Female,92541,Manager,497,2,No,Rent,Master,Married,34,1854,52999,Hatchback,1
26,Male,132340,Teacher,720,5,Yes,Own,PhD,Single,6,1793,32153,Sedan,1
58,Male,134846,Teacher,700,1,No,Rent,PhD,Married,22,2965,19344,Sedan,1
52,Male,79321,Doctor,770,6,Yes,Own,Bachelor,Single,14,3602,38656,Truck,1
36,Male,20956,Engineer,517,2,Yes,Rent,High School,Married,3,2349,71515,Hatchback,0
33,Female,120375,Student,474,4,No,Rent,High School,Single,12,3675,2212,SUV,0
20,Male,94131,Engineer,322,6,No,Own,Bachelor,Single,36,4781,10001,Sedan,0
37,Male,67908,Business,534,2,No,Rent,PhD,Single,12,3699,79784,Hatchback,0
41,Female,98339,Business,312,3,No,Rent,Bachelor,Married,45,1733,99723,SUV,1
50,Female,145659,Manager,400,4,Yes,Own,Master,Single,2,1937,82144,Hatchback,1
41,Female,45963,Doctor,835,3,Yes,Rent,High School,Married,2,3852,37427,SUV,1
28,Female,121757,Doctor,822,6,Yes,Own,Master,Married,15,4530,32368,SUV,1
25,Male,59443,Doctor,751,4,No,Rent,Bachelor,Married,23,752,71819,SUV,1
53,Male,119259,Manager,730,5,Yes,Own,Bachelor,Married,29,518,62160,SUV,1
55,Female,59063,Business,832,2,Yes,Rent,PhD,Married,17,3259,26854,Hatchback,1
57,Male,134225,Engineer,592,6,No,Rent,PhD,Single,32,722,11715,Hatchback,0
37,Male,136400,Manager,400,1,No,Rent,PhD,Married,7,502,82701,Truck,1
52,Male,100818,Manager,801,4,Yes,Rent,Master,Single,30,1759,59784,Hatchback,1
42,Female,24703,Engineer,603,4,No,Own,PhD,Single,28,4823,27797,Hatchback,0
52,Male,85128,Doctor,839,6,Yes,Own,Bachelor,Single,14,3068,48573,Truck,1
42,Female,92099,Student,654,6,Yes,Own,PhD,Single,44,2385,77120,Hatchback,1
46,Male,45849,Engineer,602,3,No,Own,High School,Single,30,1799,15780,SUV,0
35,Male,51860,Business,795,5,Yes,Own,PhD,Single,17,2838,38905,Sedan,1
63,Male,51585,Teacher,526,3,No,Own,Master,Single,32,1576,22573,Sedan,1
35,Female,42015,Teacher,535,3,No,Own,High School,Married,46,4258,34359,Truck,0
19,Male,97539,Manager,754,5,Yes,Rent,High School,Single,6,3681,67062,Hatchback,1
52,Female,63585,Teacher,312,1,Yes,Rent,High School,Married,24,1447,74391,Hatchback,0
33,Female,46958,Student,509,3,Yes,Rent,Master,Single,6,4238,44463,Truck,0
58,Female,46017,Doctor,696,3,No,Rent,Bachelor,Single,27,3231,96018,Sedan,1
53,Male,96707,Business,399,4,Yes,Own,PhD,Single,18,4507,17571,SUV,0
50,Male,144677,Student,330,5,No,Own,High School,Single,24,1369,98276,Hatchback,1
21,Male,65350,Business,827,2,No,Own,High School,Married,37,593,20142,Truck,1
50,Male,32201,Business,628,1,Yes,Rent,High School,Married,24,3487,26104,SUV,0
31,Female,49426,Doctor,465,1,No,Own,Bachelor,Married,38,2275,9625,Truck,0
38,Female,37778,Manager,758,5,Yes,Rent,Bachelor,Single,34,2760,40199,Truck,1
37,Female,65241,Teacher,399,6,Yes,Own,Master,Single,40,935,16926,Truck,0
25,Male,62229,Doctor,472,6,Yes,Own,Bachelor,Single,47,4800,32218,Sedan,0
24,Female,106652,Student,461,4,Yes,Own,PhD,Married,15,3644,45472,Sedan,1
20,Male,148267,Manager,562,4,Yes,Own,Master,Single,11,4087,92916,Truck,1
34,Female,138402,Student,573,5,Yes,Rent,Master,Married,22,576,21566,Hatchback,1
50,Male,68364,Manager,302,4,Yes,Rent,PhD,Married,24,1315,57125,SUV,0
29,Male,118833,Student,327,1,No,Own,PhD,Single,1,1267,34205,Hatchback,1
39,Female,146503,Doctor,625,1,Yes,Rent,PhD,Single,18,4185,30717,Sedan,1
39,Female,149044,Manager,448,2,No,Own,Master,Married,44,605,50984,SUV,1
63,Female,104878,Manager,839,6,No,Own,Master,Married,12,4416,26135,Truck,1
47,Female,77056,Business,787,5,No,Own,Master,Married,43,3373,29164,Hatchback,1
55,Male,47490,Business,737,3,Yes,Own,PhD,Single,28,3846,75489,Hatchback,1
55,Female,147769,Engineer,364,6,No,Rent,PhD,Single,40,3648,39562,Truck,1
62,Female,39975,Student,655,3,No,Own,High School,Single,7,3648,70110,Hatchback,1
25,Female,46723,Business,832,2,Yes,Own,Bachelor,Single,23,1965,21169,Sedan,1
44,Male,43279,Engineer,551,2,Yes,Rent,High School,Single,21,3087,60858,Truck,0
44,Male,98301,Business,534,4,No,Own,PhD,Single,34,744,22604,Hatchback,1
51,Female,132214,Student,526,2,Yes,Rent,Master,Married,11,3125,90670,Truck,1
38,Male,31561,Manager,824,2,Yes,Own,PhD,Married,22,4349,89738,SUV,1
47,Female,127435,Teacher,612,3,Yes,Own,Bachelor,Married,42,1905,1684,Truck,1
50,Male,86061,Student,348,4,Yes,Own,High School,Single,35,1481,9007,Hatchback,1
45,Male,108397,Doctor,417,2,No,Own,High School,Married,29,4308,42787,Sedan,1
64,Male,69153,Business,353,6,Yes,Own,Master,Single,42,641,50582,Truck,1
50,Male,53142,Business,343,2,Yes,Own,High School,Single,28,1392,75791,Truck,1
22,Female,46916,Manager,352,4,Yes,Rent,High School,Married,18,2899,98798,Hatchback,0
36,Female,84324,Doctor,824,5,No,Own,PhD,Single,14,3460,84629,Sedan,1
21,Female,64965,Manager,401,4,No,Rent,High School,Married,18,2699,6782,Sedan,0
52,Male,145932,Doctor,697,3,Yes,Rent,High School,Married,28,1969,67770,SUV,1
34,Female,24648,Teacher,437,5,Yes,Own,High School,Single,24,3200,58645,SUV,0
61,Female,55133,Business,686,6,No,Rent,Master,Married,8,3505,32996,Hatchback,1
45,Female,70677,Business,410,1,Yes,Own,Master,Married,42,3874,30204,Sedan,1
47,Male,116059,Teacher,316,4,Yes,Rent,PhD,Married,45,1155,18152,Sedan,0
46,Male,114588,Engineer,481,3,No,Own,High School,Married,8,3268,56186,SUV,1
63,Male,119950,Manager,835,6,Yes,Rent,Master,Single,4,542,91555,SUV,1
23,Female,118317,Teacher,840,5,Yes,Rent,Master,Married,27,2811,86024,Hatchback,1
52,Female,90135,Manager,470,6,No,Own,PhD,Married,36,2160,20689,Sedan,1
58,Female,55046,Student,708,4,No,Rent,Bachelor,Married,5,2724,51690,Truck,1
54,Male,67064,Business,677,2,Yes,Own,High School,Single,33,2610,95042,SUV,1
41,Male,121459,Manager,487,4,No,Own,Master,Married,49,1457,84251,Hatchback,1
46,Female,126625,Doctor,529,1,Yes,Own,PhD,Single,34,1060,58320,Sedan,1
63,Male,89350,Manager,418,4,Yes,Own,PhD,Married,30,1830,65226,Sedan,1
48,Male,65893,Student,455,5,Yes,Own,PhD,Married,8,1812,57091,SUV,1
52,Male,121520,Business,764,5,No,Rent,Master,Married,39,2321,80301,Hatchback,1
50,Male,145818,Teacher,403,4,No,Rent,High School,Single,47,3502,22942,Truck,1
38,Female,81272,Student,801,5,Yes,Rent,Bachelor,Single,26,3903,39712,SUV,1
49,Male,112152,Business,474,2,Yes,Own,High School,Single,37,3151,66277,Hatchback,1
40,Male,142907,Manager,720,6,No,Rent,PhD,Single,34,2314,50632,Sedan,1
50,Male,87649,Engineer,433,4,No,Rent,PhD,Single,7,2241,39031,Truck,1
20,Male,84674,Engineer,690,2,No,Rent,Bachelor,Single,40,4308,21478,Hatchback,1
35,Female,144132,Doctor,800,6,Yes,Rent,High School,Married,28,3377,23551,Truck,1
42,Female,139044,Business,332,6,No,Rent,PhD,Single,39,3770,49068,Hatchback,1
59,Male,128542,Engineer,354,2,No,Own,PhD,Married,39,4583,94608,Hatchback,1
48,Male,33760,Teacher,818,3,Yes,Own,High School,Single,28,1245,36561,Hatchback,1
20,Male,41927,Business,311,4,Yes,Rent,PhD,Single,14,1057,3892,Hatchback,0
57,Male,106475,Teacher,827,6,Yes,Own,High School,Single,38,3801,25395,Truck,1
63,Male,81367,Teacher,672,6,No,Own,PhD,Married,4,1441,19756,SUV,1
41,Male,117955,Engineer,783,5,Yes,Rent,High School,Single,42,4523,88710,Truck,1
49,Female,32588,Business,527,6,Yes,Rent,Bachelor,Single,18,2796,35651,Hatchback,0
64,Male,141750,Manager,606,2,Yes,Own,PhD,Married,44,1439,67333,Truck,1
39,Female,121678,Student,756,6,Yes,Rent,Bachelor,Married,48,2110,74745,Truck,1
40,Female,124734,Engineer,459,3,No,Own,PhD,Married,25,2225,50306,Truck,1
19,Male,138154,Engineer,630,4,Yes,Own,PhD,Married,7,1484,22346,Hatchback,1
44,Female,72233,Manager,524,4,No,Rent,Master,Single,38,2087,29024,Truck,1
59,Female,64738,Business,803,6,No,Own,High School,Married,28,4521,95950,Sedan,1
19,Female,53397,Business,755,1,No,Own,Bachelor,Single,5,1836,41818,Hatchback,1
43,Female,102189,Teacher,344,1,Yes,Own,Bachelor,Single,3,3637,6947,Truck,0
34,Female,96367,Manager,513,2,No,Rent,Bachelor,Married,44,1161,76153,Sedan,1
57,Female,144873,Manager,358,1,Yes,Rent,High School,Single,31,532,87240,Truck,1
50,Male,91260,Business,494,2,Yes,Rent,Master,Married,47,3914,95238,SUV,1
26,Female,140585,Teacher,788,5,Yes,Rent,Bachelor,Single,42,1656,68428,Truck,1
60,Female,96619,Engineer,456,2,No,Own,High School,Married,20,3626,30754,Truck,1
56,Female,131453,Doctor,525,1,Yes,Rent,PhD,Married,19,560,64355,SUV,1
46,Male,39816,Student,711,6,Yes,Rent,Bachelor,Married,48,4428,59241,Hatchback,1
59,Female,62240,Engineer,504,5,Yes,Rent,Bachelor,Married,11,2043,69960,SUV,0
43,Male,26276,Business,378,1,No,Rent,Master,Married,40,771,14418,Hatchback,0
52,Female,133939,Student,423,2,No,Own,Bachelor,Married,3,4576,96422,SUV,1
42,Male,124199,Doctor,770,3,No,Own,Bachelor,Single,23,3888,89593,Truck,1
41,Male,99530,Doctor,517,4,Yes,Own,PhD,Single,7,3252,56184,Truck,1
30,Female,43499,Teacher,815,1,No,Rent,High School,Single,23,3209,5833,Hatchback,0
24,Female,108576,Student,403,2,Yes,Rent,High School,Married,7,1654,76430,Hatchback,1
53,Male,128856,Teacher,692,5,Yes,Own,Master,Single,46,4905,42833,Sedan,1
62,Female,102495,Engineer,733,1,No,Rent,PhD,Married,34,4353,1565,Sedan,1
37,Male,141717,Manager,630,1,Yes,Rent,High School,Single,42,2245,41180,Truck,1
18,Male,91635,Manager,442,4,No,Own,PhD,Single,19,3932,19402,Truck,0
25,Male,127803,Manager,839,2,Yes,Own,High School,Married,9,837,43845,Sedan,1
63,Male,105112,Student,577,3,No,Rent,PhD,Single,48,509,76851,Sedan,1
33,Male,55946,Manager,532,5,Yes,Rent,Master,Single,18,4644,13834,Hatchback,0
31,Female,75204,Engineer,828,2,Yes,Rent,Bachelor,Single,41,1230,68850,SUV,1
29,Male,71886,Teacher,389,5,Yes,Own,Master,Married,48,2148,38180,Hatchback,1
40,Male,91652,Student,791,1,Yes,Own,High School,Single,45,4728,4883,Sedan,1
32,Female,35563,Teacher,498,4,Yes,Own,Master,Married,42,4154,76587,Truck,0
45,Male,112324,Student,661,4,No,Own,Bachelor,Single,25,2630,12695,Sedan,1
51,Female,112464,Teacher,740,6,Yes,Rent,Master,Single,14,4971,24123,Truck,1
19,Female,121872,Doctor,325,3,No,Own,High School,Single,44,2896,59481,Truck,1
49,Female,29847,Teacher,324,4,No,Own,High School,Single,25,4866,74438,Truck,0
40,Male,46155,Manager,693,1,No,Rent,Master,Married,19,2006,18573,Truck,0
39,Male,99671,Doctor,806,3,Yes,Rent,Bachelor,Single,39,2658,95910,SUV,1
42,Male,136891,Teacher,600,2,Yes,Rent,Master,Married,15,3416,57494,Sedan,1
39,Female,103310,Student,638,4,Yes,Own,Bachelor,Married,16,4671,13288,Hatchback,0
39,Male,87278,Student,566,3,No,Rent,PhD,Single,27,3729,47978,Truck,1
59,Female,38309,Student,760,1,Yes,Rent,Bachelor,Single,40,4103,73420,Truck,1
23,Male,20619,Business,755,6,Yes,Own,PhD,Married,10,2166,77095,Hatchback,1
32,Female,103194,Engineer,659,5,No,Own,Master,Married,4,4924,55672,Hatchback,1
60,Male,70108,Student,367,5,No,Rent,Bachelor,Single,19,4636,62821,Truck,1
54,Male,54707,Doctor,711,1,No,Own,PhD,Single,28,3469,84661,Hatchback,1
50,Male,40337,Student,790,1,No,Rent,PhD,Single,21,3189,70224,Hatchback,1
25,Female,145261,Business,348,5,No,Rent,PhD,Single,47,2826,90405,SUV,1
61,Female,101537,Manager,401,6,No,Own,High School,Single,14,3310,55796,Hatchback,1
61,Male,86504,Doctor,515,3,Yes,Rent,Master,Married,33,3016,45706,Sedan,1
22,Male,67614,Business,737,5,No,Own,PhD,Single,48,3971,5023,Sedan,0
56,Female,111428,Manager,458,1,Yes,Own,Bachelor,Single,10,512,83636,Sedan,1
21,Female,111155,Doctor,788,4,Yes,Own,PhD,Married,19,3470,37735,Truck,1
23,Female,20281,Teacher,541,2,Yes,Rent,High School,Single,30,4121,73959,Sedan,0
62,Male,47420,Engineer,304,6,No,Own,Master,Single,22,4183,40218,SUV,0
49,Female,100896,Engineer,660,6,Yes,Own,High School,Married,3,3973,13213,Sedan,1
47,Male,59030,Business,758,4,No,Rent,High School,Single,37,3622,99694,Truck,1
64,Female,21058,Manager,547,4,No,Rent,High School,Married,41,3964,29460,SUV,0
52,Male,106213,Engineer,721,1,Yes,Rent,Bachelor,Single,18,1152,65680,Sedan,1
57,Female,96260,Manager,314,5,No,Rent,Master,Single,11,1120,32017,SUV,1
33,Female,48404,Manager,421,3,Yes,Own,Master,Single,48,4290,99536,SUV,0
30,Female,123482,Business,576,6,Yes,Own,Bachelor,Married,2,2145,93038,Truck,1
59,Female,125284,Business,752,6,No,Own,Master,Married,12,2743,31990,Truck,1
47,Female,49856,Business,689,4,Yes,Rent,High School,Married,6,3991,20515,SUV,1
36,Male,29200,Engineer,593,5,Yes,Rent,Master,Married,43,4211,30991,Sedan,0
34,Female,84178,Business,745,6,Yes,Own,Bachelor,Single,40,4188,8634,Truck,1
36,Female,53997,Engineer,509,3,No,Rent,High School,Married,44,1879,78034,SUV,0
45,Female,45611,Business,601,4,Yes,Rent,Bachelor,Married,29,4743,77452,Hatchback,0
43,Male,139273,Student,522,3,No,Own,PhD,Married,30,2545,30377,Hatchback,1
54,Female,61235,Manager,302,5,No,Own,High School,Single,2,3548,34001,Truck,0
43,Male,137428,Business,817,6,Yes,Rent,High School,Single,9,1888,2391,Sedan,1
40,Female,55057,Doctor,392,2,Yes,Rent,Master,Married,47,901,66206,Hatchback,0
26,Female,21239,Manager,819,6,No,Rent,High School,Married,2,3153,43215,Hatchback,1
29,Male,123674,Manager,727,5,No,Own,Bachelor,Single,29,4824,80720,Hatchback,1
18,Female,134474,Business,792,6,Yes,Own,Master,Married,33,4423,28114,Sedan,1
18,Male,85661,Teacher,534,6,Yes,Own,PhD,Married,10,767,12882,Sedan,0
64,Male,146945,Business,460,1,No,Own,Bachelor,Married,34,4721,18273,Truck,0
51,Female,65272,Manager,630,6,No,Own,PhD,Married,44,2225,46647,Truck,1
49,Male,109393,Doctor,632,6,No,Rent,PhD,Single,8,1612,83665,Hatchback,1
42,Female,81212,Manager,349,3,No,Rent,PhD,Single,37,3175,65892,Sedan,1
57,Female,144088,Doctor,822,2,No,Rent,High School,Single,33,1780,43679,SUV,1
62,Male,35398,Engineer,791,3,Yes,Own,Bachelor,Married,47,1732,1427,Hatchback,1
18,Male,140030,Student,571,3,No,Own,Bachelor,Married,6,4876,97952,Truck,1
33,Male,76503,Manager,551,4,No,Own,High School,Single,44,2363,67267,Sedan,1
56,Male,26638,Business,389,1,Yes,Rent,Master,Single,40,4984,1799,Truck,0
22,Female,26570,Engineer,745,3,Yes,Own,PhD,Single,45,1116,56659,Truck,1
39,Female,88785,Student,631,5,No,Own,Bachelor,Married,19,646,95409,Sedan,1
46,Male,29110,Business,438,5,No,Rent,High School,Single,32,4177,8025,Hatchback,0
20,Female,125899,Teacher,656,6,Yes,Own,PhD,Married,27,788,15481,Sedan,1
29,Female,99141,Business,573,4,No,Rent,Master,Married,1,1909,26411,Hatchback,1
43,Female,32115,Doctor,318,1,No,Own,Master,Single,43,513,97894,Truck,1
33,Female,59062,Doctor,610,1,Yes,Own,PhD,Single,33,756,15961,Sedan,0
54,Male,42911,Teacher,453,6,No,Rent,Master,Married,40,2221,22767,SUV,0
39,Male,124061,Engineer,689,5,Yes,Rent,Bachelor,Single,32,1923,52690,Hatchback,1
46,Female,52556,Student,559,2,Yes,Rent,Bachelor,Single,5,3490,53870,SUV,0
31,Male,98131,Business,424,4,Yes,Rent,Bachelor,Married,17,1695,37135,Hatchback,1
45,Male,148335,Doctor,653,6,Yes,Rent,Master,Married,8,4865,65514,Sedan,1
22,Male,21969,Engineer,572,4,No,Rent,Bachelor,Married,42,1744,87928,SUV,0
64,Female,63753,Teacher,544,5,Yes,Own,High School,Married,34,3723,79798,Sedan,0
47,Female,102811,Manager,749,5,No,Own,Bachelor,Married,9,3970,71765,Hatchback,1
63,Female,24470,Doctor,546,2,No,Rent,Bachelor,Single,23,4667,24772,Hatchback,0
22,Male,141863,Teacher,819,2,No,Own,Master,Married,35,4469,19799,Hatchback,1
29,Female,30225,Business,440,1,No,Rent,Bachelor,Married,7,1806,24555,Hatchback,0
33,Female,127860,Student,661,4,No,Own,PhD,Married,15,2621,93152,Truck,1
43,Male,143008,Doctor,307,4,Yes,Rent,High School,Single,20,2902,20333,Hatchback,1
43,Female,127510,Doctor,777,5,Yes,Own,Master,Married,25,996,5261,SUV,1
38,Female,128295,Business,651,1,Yes,Own,High School,Married,3,3899,70002,Hatchback,1
56,Male,43196,Manager,794,6,Yes,Own,PhD,Married,46,4106,47553,Sedan,1
53,Male,125823,Engineer,726,4,No,Own,Master,Single,24,1409,4088,Truck,1
50,Male,33669,Student,338,1,Yes,Own,Master,Married,34,872,46783,SUV,1
47,Female,57380,Doctor,486,1,No,Rent,Bachelor,Married,46,4957,2115,Truck,0
54,Female,144398,Student,392,5,No,Rent,High School,Married,22,1844,71114,Truck,1
40,Female,130677,Doctor,385,1,Yes,Rent,PhD,Single,11,823,69126,Truck,1
27,Male,135886,Student,343,2,Yes,Own,PhD,Single,48,2931,73908,Sedan,1
22,Male,146753,Teacher,436,2,Yes,Rent,Master,Single,8,3284,70109,Truck,0
53,Female,68320,Doctor,720,3,Yes,Own,Bachelor,Single,39,2893,3978,Truck,1
51,Female,67414,Student,373,5,No,Own,Master,Married,43,4420,10422,Hatchback,0
48,Male,123542,Engineer,847,6,No,Own,Master,Married,35,1715,44626,Sedan,1
27,Male,35577,Teacher,811,3,Yes,Rent,Master,Single,49,2195,90233,SUV,1
36,Male,145354,Teacher,455,2,No,Own,Master,Single,46,2407,57174,SUV,1
49,Male,108009,Engineer,554,3,No,Rent,PhD,Married,38,1280,97356,SUV,1
18,Female,146365,Student,470,5,No,Rent,PhD,Married,8,1519,38743,Sedan,1
22,Male,75409,Business,469,5,Yes,Own,Master,Single,37,3765,71461,SUV,1
62,Female,48625,Engineer,621,1,No,Own,Master,Single,27,1903,58199,Sedan,1
21,Female,101040,Student,755,4,Yes,Rent,Bachelor,Single,28,1926,30430,Hatchback,1
33,Female,44089,Engineer,454,1,Yes,Rent,Master,Single,40,1163,29834,Hatchback,0
41,Male,56487,Engineer,648,5,No,Rent,PhD,Married,34,3147,25435,Sedan,0
33,Male,85838,Doctor,750,2,No,Rent,High School,Single,32,510,88212,SUV,1
19,Male,116999,Student,472,6,Yes,Rent,PhD,Single,15,1538,56797,Sedan,1
45,Male,130448,Business,309,2,No,Rent,Bachelor,Married,44,3325,44554,Sedan,1
49,Female,114795,Doctor,564,1,No,Own,PhD,Married,17,3503,55555,Truck,1
44,Male,70138,Engineer,737,6,Yes,Rent,High School,Married,33,1575,86350,Sedan,1
37,Male,62823,Manager,546,5,Yes,Rent,Master,Married,47,3588,15716,Truck,0
41,Female,57208,Engineer,845,2,Yes,Rent,High School,Married,46,2289,61261,Hatchback,1
29,Male,74061,Engineer,798,5,Yes,Rent,Master,Single,16,3536,28528,Truck,1
52,Female,50659,Student,428,6,No,Own,Master,Single,29,4153,2995,Sedan,0
50,Female,149824,Student,626,6,No,Own,PhD,Single,9,3675,23414,Hatchback,1
50,Female,121376,Doctor,703,2,Yes,Rent,PhD,Married,33,4799,14844,Truck,1
60,Female,51890,Business,658,5,Yes,Rent,PhD,Single,49,1576,37659,Sedan,1
54,Female,99134,Doctor,316,3,Yes,Rent,Bachelor,Married,29,1473,16522,Hatchback,0
29,Female,67055,Teacher,573,5,No,Own,PhD,Single,13,2365,75034,Truck,1
20,Female,132269,Engineer,415,6,Yes,Own,Bachelor,Single,21,3625,43322,Sedan,1
18,Female,39508,Manager,390,5,No,Own,PhD,Married,21,1799,68638,Sedan,0
50,Male,62287,Engineer,381,1,Yes,Own,Master,Married,5,3906,9524,SUV,0
57,Male,98916,Engineer,623,3,Yes,Own,Bachelor,Single,10,1658,31846,SUV,1
27,Male,46984,Doctor,413,4,Yes,Own,High School,Single,6,3629,74643,Truck,0
60,Male,130169,Manager,357,1,No,Rent,Bachelor,Single,13,604,61096,Truck,1
61,Female,28125,Manager,453,4,No,Own,Bachelor,Single,1,4067,84804,Truck,0
46,Male,56059,Manager,703,2,No,Own,High School,Single,20,4848,48703,Sedan,1
30,Female,89569,Doctor,565,4,Yes,Rent,Bachelor,Married,47,4890,25399,Truck,1
29,Male,123409,Engineer,614,5,No,Own,Master,Married,46,1681,76160,Sedan,1
48,Male,37087,Doctor,340,4,No,Rent,PhD,Married,8,3638,93662,Truck,0
63,Male,126437,Student,404,6,Yes,Own,High School,Married,10,4894,89667,Sedan,1
19,Female,135262,Student,492,1,Yes,Rent,PhD,Single,9,4034,49591,Sedan,0
52,Male,25704,Doctor,700,1,No,Rent,Master,Single,49,4696,21714,SUV,1
40,Female,80576,Manager,577,4,No,Rent,High School,Married,41,3627,36877,Hatchback,1
34,Female,93384,Engineer,653,1,No,Rent,PhD,Single,3,2274,85106,Sedan,1
43,Male,107128,Doctor,555,6,No,Rent,PhD,Married,11,4314,79018,Truck,1
25,Male,131279,Doctor,398,1,Yes,Own,Master,Single,12,591,60136,SUV,1
46,Male,92460,Doctor,581,4,Yes,Own,PhD,Single,10,946,34414,Truck,1
43,Female,47208,Teacher,702,3,Yes,Rent,Master,Single,25,608,87576,Truck,1
27,Male,138516,Student,408,3,No,Rent,Bachelor,Married,49,4912,79943,Sedan,1
43,Female,149612,Manager,498,2,No,Rent,Master,Married,49,3739,46468,Sedan,1
51,Female,105150,Business,602,1,Yes,Own,Bachelor,Married,25,4553,99841,Hatchback,1
58,Male,86024,Manager,626,4,Yes,Rent,High School,Married,11,1745,80702,Sedan,1
24,Male,59882,Business,453,1,No,Rent,PhD,Single,36,3220,73108,Sedan,0
21,Female,45923,Teacher,704,5,No,Rent,Master,Single,39,777,99538,Hatchback,1
62,Female,146561,Doctor,761,6,Yes,Rent,Master,Single,26,3556,93508,Truck,1
28,Female,134044,Teacher,431,1,Yes,Own,PhD,Single,14,3422,47835,Hatchback,1
46,Male,121477,Teacher,383,1,Yes,Rent,PhD,Married,39,3013,64333,Hatchback,1
53,Female,49165,Engineer,698,3,No,Rent,High School,Single,40,1338,43464,Hatchback,1
42,Male,87203,Student,408,6,No,Own,High School,Single,1,3301,23923,SUV,1
38,Female,111749,Business,520,4,No,Rent,Master,Single,4,529,62855,Truck,1
53,Female,24114,Doctor,667,1,No,Rent,High School,Married,30,1757,68445,SUV,1
27,Male,84965,Business,446,3,No,Own,Bachelor,Married,12,864,99384,SUV,1
54,Female,56321,Manager,411,2,No,Own,High School,Married,35,2300,68619,Sedan,1
26,Male,93297,Business,793,6,Yes,Own,High School,Single,13,1404,47146,Hatchback,1
41,Male,116652,Manager,804,3,Yes,Rent,Master,Married,31,2678,61032,Hatchback,1
52,Female,119304,Student,774,3,No,Rent,Bachelor,Single,38,3350,18140,SUV,1
52,Male,133942,Manager,570,3,Yes,Own,High School,Single,43,3336,3670,Sedan,0
53,Male,45426,Business,720,1,No,Own,Bachelor,Single,23,4946,37519,Sedan,1
35,Female,37772,Business,666,1,Yes,Own,Bachelor,Married,4,679,45512,Sedan,1
56,Male,123754,Manager,579,2,No,Rent,Bachelor,Married,16,4373,58811,Truck,1
49,Male,23712,Teacher,582,5,Yes,Rent,PhD,Single,7,4460,15691,SUV,0
41,Male,21367,Student,339,5,Yes,Own,PhD,Single,22,1686,35262,Truck,1
40,Female,126493,Engineer,488,5,No,Rent,PhD,Married,29,4459,55892,Sedan,1
49,Male,127317,Doctor,463,6,No,Own,PhD,Married,11,1273,26595,Sedan,1
54,Female,135142,Business,835,6,Yes,Rent,Master,Married,33,4960,58207,Sedan,1
29,Female,111736,Doctor,835,2,Yes,Rent,High School,Single,29,852,34440,Hatchback,1
30,Male,71924,Engineer,303,6,No,Rent,PhD,Single,39,3528,9630,SUV,0
40,Male,23726,Doctor,589,5,Yes,Rent,Master,Single,12,617,32250,Hatchback,0
42,Male,109152,Engineer,732,5,No,Own,High School,Married,7,981,95334,Truck,1
52,Female,47723,Manager,770,3,No,Rent,PhD,Married,39,4787,99748,Hatchback,1
58,Male,146969,Teacher,480,6,Yes,Rent,High School,Married,42,3137,78518,SUV,1
47,Male,123110,Business,547,1,No,Own,PhD,Single,48,606,75191,Hatchback,1
34,Male,120494,Engineer,578,1,Yes,Rent,Master,Single,26,4977,65791,Sedan,1
37,Male,29108,Doctor,553,3,Yes,Own,Bachelor,Married,40,743,85118,Truck,1
42,Male,97714,Business,480,3,No,Own,Bachelor,Single,9,3132,64753,Truck,1
39,Female,55643,Teacher,808,3,Yes,Rent,High School,Married,41,1365,61520,Sedan,1
30,Female,51324,Manager,625,1,No,Rent,Master,Single,34,3481,5008,Sedan,0
36,Male,123896,Business,656,5,No,Own,Bachelor,Married,45,2061,45464,Sedan,1
53,Male,103360,Engineer,690,3,No,Own,PhD,Single,13,1103,1496,SUV,1
29,Male,130896,Teacher,384,2,Yes,Own,Bachelor,Single,36,3562,24212,Hatchback,1
58,Male,28927,Doctor,616,3,No,Rent,High School,Married,25,4518,21637,Truck,0
36,Female,113680,Teacher,511,4,Yes,Own,High School,Married,24,2515,46227,Hatchback,1
29,Male,116546,Teacher,814,3,No,Own,Master,Married,44,2158,83413,Sedan,1
26,Female,42443,Student,683,1,No,Own,High School,Married,17,3880,84346,Sedan,1
24,Female,99973,Teacher,641,6,No,Rent,Bachelor,Married,2,4267,10884,Hatchback,0
45,Male,83449,Teacher,337,3,Yes,Own,Bachelor,Single,13,4270,69259,Truck,1
31,Female,129834,Business,810,6,Yes,Rent,Bachelor,Married,31,2113,50810,SUV,1
48,Female,125314,Doctor,719,4,No,Rent,Bachelor,Married,29,2379,5761,Hatchback,1
36,Female,96743,Business,468,2,No,Own,Master,Married,28,4608,74166,Sedan,1
64,Female,141805,Business,642,6,Yes,Rent,PhD,Single,27,2846,17375,Sedan,0
33,Male,80233,Engineer,605,5,Yes,Own,PhD,Married,15,1599,26218,SUV,1
22,Male,45537,Business,841,3,Yes,Rent,Master,Married,31,1574,31565,Hatchback,1
52,Female,121293,Student,836,4,No,Rent,High School,Married,40,1286,33975,SUV,1
29,Male,97576,Student,411,4,Yes,Own,PhD,Single,15,648,28073,SUV,1
42,Male,127522,Engineer,710,6,No,Own,High School,Single,33,2254,70726,Truck,1
38,Male,42612,Manager,505,2,Yes,Own,PhD,Married,20,2669,2883,Truck,0
53,Male,113977,Doctor,484,1,No,Rent,High School,Single,42,4256,69422,Sedan,1
40,Male,26471,Doctor,681,3,No,Rent,Master,Married,12,1679,50629,Hatchback,1
33,Female,55631,Business,795,4,No,Own,Bachelor,Single,37,3809,65170,Truck,1
56,Male,148449,Business,678,2,Yes,Own,High School,Married,9,2923,75489,Sedan,1
62,Male,128997,Manager,346,5,Yes,Rent,Bachelor,Single,23,4677,9381,Hatchback,0
59,Male,112059,Business,827,4,Yes,Rent,High School,Married,8,1424,24238,Sedan,1
56,Male,51348,Doctor,803,2,No,Rent,High School,Married,32,2103,14795,Truck,0
31,Female,84732,Teacher,321,1,No,Own,High School,Single,48,3552,96964,Sedan,1
48,Female,21177,Student,512,1,Yes,Rent,High School,Married,14,4718,63999,Hatchback,0
22,Female,24760,Teacher,609,4,No,Own,High School,Married,27,2877,50907,Hatchback,0
52,Female,52779,Teacher,571,4,No,Rent,Bachelor,Married,25,3980,10638,Sedan,0
40,Male,41636,Doctor,501,6,No,Rent,High School,Married,13,3682,71467,Hatchback,0
46,Female,101889,Teacher,331,3,Yes,Own,Bachelor,Single,21,3317,43623,Sedan,1
60,Male,73551,Manager,742,2,No,Own,Master,Married,45,3660,39492,Hatchback,1
28,Male,31556,Engineer,461,4,Yes,Own,PhD,Single,31,1211,27411,Sedan,1
35,Male,47598,Business,553,3,Yes,Rent,High School,Single,37,3086,21534,Sedan,0
64,Male,31563,Engineer,820,6,Yes,Rent,PhD,Single,48,3148,30181,Sedan,1
29,Male,66819,Student,779,3,Yes,Rent,Bachelor,Single,43,2217,20996,SUV,1
26,Female,129326,Business,309,4,Yes,Own,Master,Married,5,4852,73089,Hatchback,1
27,Female,93770,Teacher,804,1,No,Rent,Master,Married,13,1370,84609,Truck,1
61,Female,111055,Student,735,2,Yes,Own,Master,Single,28,4074,73666,Sedan,1
34,Female,46966,Business,410,2,Yes,Own,PhD,Married,43,770,30405,SUV,1
55,Male,140133,Manager,452,1,Yes,Own,Bachelor,Single,25,2043,72325,Truck,1
24,Female,101709,Manager,401,4,No,Rent,High School,Married,35,1049,29930,Sedan,1
63,Male,79889,Manager,490,2,No,Rent,High School,Married,47,4514,18529,Truck,0
30,Female,46987,Manager,380,4,No,Own,Bachelor,Married,39,4954,54546,SUV,0
57,Male,98714,Teacher,788,6,No,Rent,PhD,Single,7,2212,8942,Truck,1
59,Male,124874,Engineer,387,4,Yes,Own,High School,Single,38,3740,8548,Sedan,0
26,Female,78348,Business,493,3,Yes,Own,Bachelor,Married,32,1862,19296,Truck,1
44,Male,44596,Teacher,403,1,No,Rent,High School,Single,3,1784,52016,Truck,0
19,Male,53174,Manager,395,4,No,Own,Master,Single,45,1386,98780,Sedan,0
22,Female,84106,Engineer,722,6,No,Own,High School,Married,39,2758,1296,SUV,1
46,Male,127510,Student,497,5,No,Rent,PhD,Single,37,4882,68945,SUV,1
54,Female,89967,Student,300,1,Yes,Own,Bachelor,Married,22,2285,60980,Truck,1
55,Female,79182,Student,706,2,No,Own,PhD,Married,8,4043,57782,Hatchback,1
36,Female,113300,Manager,677,3,No,Own,Bachelor,Married,17,795,35229,Truck,1
25,Male,107163,Student,466,2,No,Own,Master,Single,27,2553,97382,Hatchback,1
62,Male,59310,Doctor,808,6,No,Own,Bachelor,Married,33,3097,54444,Truck,1
18,Male,76088,Business,612,6,No,Own,High School,Married,46,1180,36036,SUV,1
39,Female,148803,Business,717,2,No,Own,High School,Single,17,4798,40322,Truck,1
34,Male,28906,Manager,776,1,No,Rent,Master,Single,42,824,28167,Truck,1
24,Female,56914,Doctor,372,2,Yes,Rent,Bachelor,Single,12,2791,52667,Hatchback,0
42,Female,130350,Teacher,440,4,Yes,Own,Master,Single,48,4922,95527,SUV,1
62,Male,65379,Teacher,561,2,Yes,Own,High School,Married,46,1486,84337,Hatchback,1
21,Female,98612,Student,639,3,Yes,Rent,PhD,Single,27,3618,52468,Truck,0
53,Male,134828,Engineer,607,3,Yes,Rent,Master,Single,48,1260,73894,Sedan,1
23,Male,147445,Teacher,544,5,Yes,Rent,PhD,Single,8,4193,54084,Truck,0
48,Male,57650,Engineer,814,3,No,Rent,PhD,Single,23,1536,64138,Truck,1
36,Male,66881,Business,636,2,No,Rent,Bachelor,Married,42,1406,23588,Hatchback,0
61,Male,66413,Engineer,375,3,Yes,Own,Master,Single,49,864,63901,Sedan,1
56,Female,26012,Business,474,1,No,Rent,PhD,Married,29,3913,18671,Sedan,0
44,Female,70115,Doctor,408,3,Yes,Rent,PhD,Single,20,1569,84038,Hatchback,1
27,Female,27151,Doctor,482,4,No,Rent,Bachelor,Married,16,4869,91664,SUV,0
43,Male,77716,Manager,491,1,No,Own,Bachelor,Married,17,2755,32645,Sedan,1
36,Male,113747,Manager,364,5,No,Own,High School,Single,16,4186,8637,Sedan,0
56,Male,112653,Student,773,4,No,Own,PhD,Married,19,4719,1660,Hatchback,1
20,Female,56378,Teacher,399,2,No,Own,High School,Single,8,3581,7922,SUV,0
62,Male,62652,Student,843,2,No,Own,PhD,Married,38,3758,94697,SUV,1
30,Female,92430,Business,427,2,Yes,Own,High School,Married,38,2607,45721,Truck,1
45,Female,33467,Student,751,4,Yes,Rent,Bachelor,Married,29,3433,58256,Truck,1
37,Male,51010,Engineer,668,4,No,Own,Master,Single,41,3329,70506,Hatchback,1
45,Male,148647,Business,342,4,Yes,Own,Bachelor,Married,36,941,69943,SUV,1
25,Female,141999,Manager,718,1,No,Rent,High School,Single,26,2059,28843,Hatchback,1
58,Male,134793,Doctor,787,6,Yes,Own,High School,Married,31,2241,10046,Truck,1
56,Female,74691,Manager,377,1,No,Rent,Master,Married,44,1125,90336,Hatchback,1
18,Male,84157,Teacher,569,2,Yes,Rent,PhD,Married,12,4363,64985,Hatchback,0
20,Male,128177,Business,614,6,No,Own,High School,Married,17,2190,81083,Sedan,1
30,Female,32289,Business,467,3,Yes,Rent,High School,Married,15,3281,97925,Sedan,0
45,Male,64976,Engineer,638,2,No,Rent,High School,Married,9,590,31346,Sedan,0
42,Female,63596,Teacher,492,5,Yes,Rent,Master,Single,39,3506,89284,Truck,0
50,Male,43171,Doctor,752,1,No,Rent,Bachelor,Single,42,4802,92384,Hatchback,1
55,Female,120441,Business,582,4,No,Own,High School,Single,48,1588,54526,Sedan,1
23,Female,146296,Business,635,1,No,Rent,Master,Married,12,1680,74143,Sedan,1
61,Male,106365,Engineer,689,4,Yes,Own,High School,Single,32,2401,37787,Sedan,1
62,Female,138218,Student,824,6,Yes,Rent,PhD,Married,25,4990,34583,Truck,1
49,Male,119590,Doctor,539,5,Yes,Rent,Master,Single,39,686,13563,Truck,0
62,Male,134014,Manager,782,6,No,Rent,High School,Single,18,2097,47060,Hatchback,1
64,Male,64139,Teacher,757,5,Yes,Own,Master,Married,15,3908,34690,Hatchback,1
38,Female,68713,Business,388,1,No,Own,High School,Married,32,4247,95712,Hatchback,0
33,Female,49734,Business,394,4,Yes,Own,Bachelor,Single,6,3170,15925,Sedan,0
38,Male,92588,Manager,751,6,Yes,Rent,High School,Single,44,739,87787,SUV,1
28,Male,83646,Doctor,727,5,Yes,Rent,Master,Single,43,3080,84184,Truck,1
54,Female,23654,Student,450,2,Yes,Rent,PhD,Single,35,4736,21108,Sedan,0
53,Male,109022,Business,813,2,No,Rent,PhD,Married,34,638,77515,Sedan,1
52,Male,38743,Doctor,675,6,Yes,Own,PhD,Single,38,3006,69258,Hatchback,1
36,Female,68368,Manager,321,4,Yes,Rent,High School,Married,5,4665,6355,Hatchback,0
37,Male,110025,Engineer,612,6,No,Own,Bachelor,Married,18,4980,47069,Sedan,1
35,Female,94172,Student,818,1,No,Rent,High School,Single,16,2745,95335,Truck,1
64,Male,26441,Teacher,505,5,Yes,Own,PhD,Married,8,4800,55471,Truck,0
58,Female,139735,Business,674,1,Yes,Own,Master,Single,25,2249,33705,Sedan,1
31,Male,44611,Doctor,750,2,No,Rent,PhD,Married,32,1067,44909,SUV,1
32,Male,139891,Engineer,478,5,No,Rent,Master,Married,26,1381,89606,SUV,1
48,Female,127971,Teacher,509,6,No,Own,Bachelor,Single,22,1139,54739,Truck,1
18,Male,32149,Doctor,799,1,Yes,Rent,Master,Married,31,4461,77820,Hatchback,0
20,Female,120102,Doctor,763,3,Yes,Rent,High School,Married,43,4920,88273,SUV,1
33,Male,79189,Teacher,423,4,Yes,Own,High School,Single,10,2835,24241,SUV,1
40,Female,127904,Engineer,412,4,No,Own,High School,Married,12,4821,28414,Hatchback,1
28,Female,41675,Manager,311,3,No,Own,Master,Married,28,3485,51818,SUV,0
29,Female,91031,Engineer,425,2,No,Own,High School,Single,6,1059,21895,Sedan,1
27,Female,62668,Student,630,5,Yes,Rent,High School,Single,20,1213,93307,SUV,0
49,Male,33673,Business,582,4,No,Own,High School,Married,5,4488,63409,Hatchback,0
33,Male,149582,Teacher,439,3,Yes,Own,Bachelor,Married,23,756,56324,Sedan,1
25,Female,96666,Manager,700,6,No,Own,Master,Married,9,1076,67920,SUV,1
55,Female,108204,Teacher,396,3,Yes,Rent,Master,Single,29,537,54555,Truck,1
29,Female,100758,Teacher,816,2,Yes,Own,PhD,Married,16,2572,66453,Sedan,1
41,Male,85429,Engineer,368,2,No,Rent,Master,Married,46,960,23689,Sedan,1
45,Male,43669,Business,417,1,Yes,Own,Bachelor,Married,22,1940,65356,Truck,1
25,Male,54068,Student,358,4,No,Own,Master,Married,8,4978,94011,Truck,0
45,Male,108789,Doctor,332,1,Yes,Rent,Bachelor,Married,20,2332,9252,SUV,0
53,Female,29435,Doctor,617,3,No,Own,Bachelor,Married,14,3899,31844,SUV,0
43,Female,114088,Teacher,349,5,No,Own,Master,Single,39,932,96687,Hatchback,1
25,Female,72249,Business,788,5,Yes,Rent,PhD,Single,37,4651,24365,Hatchback,1
45,Male,57384,Manager,318,2,No,Own,High School,Married,34,2251,7026,Sedan,0
45,Male,148782,Engineer,496,5,Yes,Own,High School,Married,11,2547,99303,Truck,1
54,Male,101929,Business,749,5,No,Own,Master,Single,40,3340,29523,Truck,1
58,Female,147959,Business,751,5,No,Own,Master,Single,33,756,11482,Hatchback,1
53,Female,96153,Engineer,588,3,No,Rent,Bachelor,Single,31,1171,49888,Sedan,1
44,Male,124056,Teacher,440,5,No,Own,Master,Married,44,989,51110,Sedan,1
34,Female,95388,Business,383,6,Yes,Rent,Bachelor,Married,34,4214,91644,Hatchback,1
26,Male,51401,Doctor,690,5,No,Own,PhD,Married,7,2596,1493,Hatchback,1
50,Male,145511,Engineer,514,5,No,Rent,Master,Married,49,2182,57194,Hatchback,1
37,Female,91831,Manager,825,1,Yes,Own,High School,Single,23,4911,83001,SUV,1
30,Male,139503,Student,514,3,Yes,Rent,High School,Single,46,2960,40767,Sedan,1
45,Female,135760,Teacher,702,2,Yes,Own,Master,Single,7,4412,30550,Sedan,1
46,Male,121529,Engineer,427,1,Yes,Rent,Bachelor,Single,25,2475,14833,Sedan,0
30,Female,147834,Student,776,4,Yes,Rent,High School,Married,3,3716,3970,Hatchback,1
63,Female,54084,Student,703,3,Yes,Own,Bachelor,Married,38,1889,99315,Hatchback,1
52,Female,140387,Manager,328,6,No,Rent,Master,Single,20,4356,96494,Hatchback,1
23,Male,130641,Business,637,3,Yes,Own,Master,Single,34,2084,83681,Hatchback,1
35,Male,125111,Manager,660,4,No,Own,High School,Single,49,3463,50177,Truck,1
22,Female,75826,Business,691,4,Yes,Own,Master,Single,44,1476,68342,Hatchback,1
64,Female,56451,Business,517,4,No,Own,PhD,Single,44,3864,72200,SUV,0
42,Male,27227,Engineer,501,2,No,Own,PhD,Married,30,545,62501,Truck,1
19,Male,51910,Engineer,316,5,No,Rent,High School,Married,17,1693,29900,Truck,0
27,Male,56041,Teacher,621,3,Yes,Own,PhD,Single,10,3842,15126,Hatchback,0
47,Female,108920,Business,817,5,Yes,Own,Bachelor,Single,35,746,71690,Sedan,1
62,Male,85681,Student,624,5,Yes,Own,High School,Single,20,3719,88744,Hatchback,1
22,Male,123314,Doctor,711,6,Yes,Own,High School,Married,18,4825,80303,Sedan,1
50,Female,101571,Teacher,617,4,No,Own,Bachelor,Married,45,1291,86579,Hatchback,1
18,Male,85481,Engineer,381,2,Yes,Own,PhD,Married,44,1136,48994,Hatchback,1
35,Male,88576,Manager,773,6,No,Rent,PhD,Single,27,4275,68061,Sedan,1
49,Male,127958,Teacher,767,1,No,Rent,PhD,Married,49,2921,17978,Sedan,1
64,Female,149265,Teacher,724,2,Yes,Own,High School,Single,36,1588,57344,Sedan,1
28,Female,147556,Teacher,503,5,Yes,Rent,High School,Married,23,4683,47648,Sedan,1
38,Female,84174,Teacher,686,2,Yes,Own,PhD,Married,32,3659,2055,SUV,1
43,Female,46160,Doctor,397,4,No,Own,Master,Married,10,1212,76582,Sedan,1
42,Female,135170,Manager,644,1,Yes,Own,PhD,Single,11,4144,82214,Hatchback,1
39,Female,137867,Manager,507,4,No,Own,Bachelor,Single,38,4390,45876,Hatchback,1
44,Female,37633,Manager,813,1,Yes,Own,High School,Married,6,3086,93160,SUV,1
30,Male,114880,Business,465,6,No,Rent,Bachelor,Single,41,4809,39725,Sedan,1
50,Male,37014,Student,321,5,Yes,Rent,Bachelor,Single,47,2608,6255,Hatchback,0
51,Female,100532,Manager,453,1,Yes,Rent,High School,Single,34,4114,75947,SUV,1
58,Male,69104,Teacher,738,1,No,Rent,Master,Single,36,1742,54380,Hatchback,1
52,Male,61621,Teacher,594,1,Yes,Own,PhD,Single,37,2559,54333,SUV,1
18,Female,97231,Manager,518,2,Yes,Rent,Bachelor,Single,17,3986,43459,SUV,0
38,Male,88388,Manager,794,6,Yes,Own,High School,Single,40,4832,37163,Truck,1
23,Male,36014,Teacher,529,2,Yes,Rent,Bachelor,Married,40,4310,34971,Truck,0
45,Male,112578,Business,319,5,Yes,Rent,PhD,Single,12,4400,97771,Sedan,1
34,Male,53755,Engineer,447,1,Yes,Rent,Master,Single,21,3105,66149,Truck,0
22,Male,60390,Engineer,407,6,Yes,Rent,Master,Married,40,3534,85730,SUV,0
48,Female,43711,Manager,702,6,No,Own,Master,Married,19,4707,20476,Hatchback,1
22,Female,111658,Doctor,782,3,No,Rent,High School,Married,3,4551,69580,Hatchback,1
55,Female,77993,Manager,666,5,Yes,Rent,High School,Married,18,3863,87593,Sedan,1
20,Male,94696,Manager,713,6,Yes,Own,Master,Single,19,4521,70050,Truck,1
40,Female,47213,Engineer,608,1,Yes,Own,PhD,Married,47,2345,76526,Sedan,1
54,Male,135788,Teacher,433,1,No,Rent,PhD,Married,6,882,8507,SUV,0
54,Male,124956,Manager,582,6,No,Own,High School,Single,16,4612,71393,Truck,1
27,Male,77784,Teacher,372,2,Yes,Own,Master,Single,8,4310,13118,Sedan,0
27,Male,27421,Teacher,780,5,No,Own,PhD,Single,48,2396,51529,Hatchback,1
36,Female,106936,Doctor,651,1,Yes,Rent,PhD,Married,18,2009,69682,Hatchback,1
34,Female,119073,Teacher,625,6,Yes,Own,PhD,Single,48,4712,92937,Sedan,1
38,Male,37727,Engineer,742,1,Yes,Rent,High School,Married,43,2078,55176,Sedan,1
31,Female,132418,Business,399,6,Yes,Rent,Master,Single,39,1379,92713,Sedan,1
26,Male,24358,Business,358,5,No,Rent,Bachelor,Single,49,2662,5414,SUV,0
63,Female,85108,Student,807,6,No,Rent,Master,Married,49,2072,84030,SUV,1
18,Female,146609,Manager,557,3,Yes,Own,Master,Single,12,2148,86973,Hatchback,1
62,Male,114018,Engineer,712,6,No,Rent,High School,Single,45,1859,63137,SUV,1
30,Female,144457,Teacher,751,6,No,Own,PhD,Single,10,4931,4937,SUV,1
21,Male,52117,Business,364,5,Yes,Rent,PhD,Single,7,3469,37731,Truck,0
18,Female,108700,Engineer,453,6,No,Own,High School,Single,46,4460,87862,SUV,1
57,Male,51910,Business,565,5,Yes,Rent,High School,Married,1,4311,39665,Truck,0
49,Male,146888,Teacher,378,3,Yes,Own,High School,Married,49,4742,75510,SUV,1
51,Female,118032,Business,614,5,Yes,Rent,High School,Single,36,4717,18500,Hatchback,0
45,Female,75754,Manager,547,1,Yes,Rent,High School,Married,21,580,2750,Sedan,0
48,Male,82438,Manager,713,5,No,Own,Bachelor,Married,37,3232,66018,Hatchback,1
25,Female,129847,Student,324,3,Yes,Rent,Master,Married,24,3209,5027,SUV,0
56,Female,49371,Student,583,4,No,Rent,Master,Single,25,2922,6745,Sedan,0
43,Male,71501,Business,748,6,Yes,Rent,Master,Single,7,4141,62731,Sedan,1
51,Male,80946,Engineer,600,5,Yes,Own,PhD,Single,42,1167,87984,Sedan,1
20,Female,58467,Manager,367,6,No,Rent,Bachelor,Married,17,2996,29451,Truck,0
29,Male,37625,Engineer,306,2,Yes,Rent,Master,Married,29,3999,94743,Hatchback,0
18,Male,53893,Engineer,436,1,No,Own,PhD,Single,30,3998,72474,Truck,0
61,Male,96329,Business,463,1,No,Own,Bachelor,Single,7,1944,62536,Sedan,1
22,Female,51007,Engineer,382,2,Yes,Own,Bachelor,Married,33,1845,13150,Hatchback,0
47,Female,111302,Manager,719,2,Yes,Own,PhD,Married,7,1689,14406,Hatchback,1
47,Male,59532,Teacher,372,5,Yes,Own,Bachelor,Single,24,958,20781,SUV,1
34,Female,74253,Student,536,2,Yes,Rent,PhD,Married,11,1712,58417,Truck,1
64,Male,32323,Teacher,345,4,Yes,Rent,Master,Married,9,1411,19325,Truck,0
40,Female,131335,Engineer,561,6,Yes,Rent,PhD,Married,12,1525,69684,SUV,1
32,Male,132356,Teacher,475,6,No,Own,Bachelor,Married,35,2911,95415,Truck,1
54,Male,130944,Manager,465,3,No,Rent,Master,Married,4,571,74469,Sedan,1
38,Female,93379,Manager,669,2,Yes,Own,Master,Married,36,3185,10436,Sedan,1
31,Male,34210,Engineer,353,2,No,Own,High School,Married,28,1693,18669,Truck,0
19,Female,36456,Business,718,4,No,Rent,High School,Single,13,2348,73010,SUV,1
28,Female,51367,Teacher,806,1,Yes,Own,Bachelor,Single,23,2884,77764,Hatchback,1
56,Male,74624,Business,640,1,Yes,Own,PhD,Married,19,2522,2843,Truck,1
55,Male,30106,Business,426,6,No,Rent,PhD,Married,42,4241,66609,Hatchback,0
51,Female,123493,Doctor,708,6,Yes,Own,Bachelor,Married,37,1798,51812,SUV,1
55,Male,88008,Engineer,666,5,No,Own,Master,Single,39,4602,17059,Hatchback,1
51,Male,145926,Student,570,4,Yes,Rent,Bachelor,Single,24,1404,87269,SUV,1
35,Male,135395,Manager,678,3,No,Own,Bachelor,Married,16,3526,41768,SUV,1
47,Male,136492,Manager,372,3,No,Own,Master,Single,33,2528,26395,Sedan,1
32,Male,92240,Engineer,547,4,No,Rent,PhD,Married,12,3120,21202,Sedan,1
44,Female,84315,Student,342,3,No,Rent,Bachelor,Married,34,3146,14273,SUV,0
51,Female,89249,Manager,676,1,Yes,Rent,PhD,Married,7,2789,49889,Truck,1
55,Male,90587,Engineer,340,3,Yes,Rent,Bachelor,Married,11,4372,99635,Sedan,1
50,Male,30756,Manager,469,3,No,Own,Master,Married,31,1985,74048,SUV,1
41,Male,88011,Business,511,4,No,Own,Master,Married,29,3651,94767,Hatchback,1
32,Female,56378,Teacher,792,4,Yes,Rent,High School,Married,13,1940,89810,Hatchback,1
47,Male,24255,Teacher,338,3,Yes,Own,Master,Single,31,1265,46510,Truck,1
59,Female,34484,Manager,668,2,No,Own,High School,Married,2,4979,88945,Hatchback,1
34,Female,145703,Doctor,450,4,No,Rent,Bachelor,Single,39,2938,71649,Hatchback,1
22,Female,76549,Student,410,5,No,Rent,PhD,Married,15,4592,3881,SUV,0
46,Male,54503,Student,779,5,No,Own,Master,Married,11,1649,46913,Hatchback,1
21,Female,144465,Student,735,1,No,Rent,Master,Single,34,4065,85785,Hatchback,1
27,Male,93794,Business,346,3,Yes,Rent,Master,Single,39,4642,66037,Hatchback,1
34,Female,145941,Student,665,2,No,Rent,Bachelor,Married,4,2472,63457,Hatchback,1
27,Male,126283,Teacher,368,1,Yes,Own,High School,Single,11,3166,36343,SUV,1
34,Female,120732,Business,598,3,Yes,Rent,Bachelor,Married,29,963,63389,Hatchback,1
37,Male,65113,Engineer,595,4,Yes,Own,PhD,Married,2,4718,79250,Truck,0
41,Female,125730,Student,502,5,No,Own,Bachelor,Single,16,2681,9656,Sedan,1
22,Male,94069,Student,360,6,Yes,Own,PhD,Single,39,2142,6741,Truck,0
51,Male,118117,Engineer,613,2,Yes,Rent,Master,Single,13,4388,17661,Sedan,0
23,Male,25249,Student,460,6,Yes,Rent,PhD,Single,37,1340,98091,Truck,0
19,Male,145654,Engineer,630,5,Yes,Rent,PhD,Married,17,3154,29690,Sedan,0
30,Female,139979,Business,827,6,No,Rent,High School,Single,21,4618,33833,Sedan,1
60,Female,39201,Teacher,637,4,No,Rent,PhD,Single,44,1065,72240,Sedan,0
60,Male,145541,Engineer,603,3,Yes,Own,PhD,Single,19,1464,78711,Sedan,1
28,Female,78576,Doctor,802,4,Yes,Own,Bachelor,Single,7,2782,58141,SUV,1
64,Male,138562,Engineer,637,6,No,Own,Master,Single,38,1495,79232,Truck,1
40,Male,145281,Student,849,4,No,Rent,Bachelor,Married,8,1687,40023,Sedan,1
33,Female,29686,Business,574,5,No,Own,Bachelor,Married,13,4811,41209,Truck,0
48,Male,132413,Manager,463,2,Yes,Own,Master,Single,37,3754,94590,Hatchback,1
28,Male,73363,Business,742,4,No,Rent,Master,Single,2,1156,87612,Sedan,1
33,Female,117543,Manager,618,5,Yes,Rent,PhD,Married,41,3482,81522,Truck,1
25,Male,20661,Engineer,803,2,Yes,Own,PhD,Single,11,1613,15440,SUV,1
21,Male,64843,Teacher,686,3,No,Own,High School,Married,24,4906,8960,Truck,0
57,Male,115673,Doctor,793,6,Yes,Rent,Bachelor,Married,6,1056,23462,Sedan,1
21,Male,80963,Business,789,3,No,Rent,Master,Single,26,3519,18821,Hatchback,0
42,Female,133092,Student,372,1,Yes,Rent,PhD,Married,7,2804,58772,Truck,1
20,Female,62828,Manager,808,5,No,Rent,Master,Single,39,3080,28258,Hatchback,0
49,Female,68604,Student,689,2,Yes,Own,PhD,Single,19,551,93889,SUV,1
20,Male,30526,Teacher,594,4,Yes,Own,High School,Married,6,1861,89952,Truck,0
44,Male,88910,Manager,668,3,No,Rent,High School,Married,43,1694,63524,Truck,1
46,Female,45592,Business,848,2,No,Own,Master,Single,29,4519,23115,SUV,1
49,Male,48982,Engineer,486,5,No,Own,High School,Married,43,3638,47433,SUV,0
36,Male,20207,Student,744,1,No,Rent,Master,Single,39,2148,91504,SUV,1
38,Male,120969,Teacher,662,3,Yes,Own,PhD,Married,2,1171,89267,Sedan,1
22,Male,137181,Business,422,6,No,Own,Bachelor,Married,19,1277,89321,Sedan,1
35,Female,108733,Business,487,2,No,Own,High School,Single,4,2779,80364,Truck,1
45,Female,118936,Business,719,6,Yes,Rent,PhD,Single,6,3522,71077,Truck,1
59,Female,144982,Business,551,2,No,Rent,Bachelor,Single,49,2360,41644,Truck,1
39,Male,145839,Manager,848,2,No,Own,Bachelor,Married,37,3639,63643,Hatchback,1
38,Female,88619,Business,634,5,Yes,Rent,Bachelor,Single,28,1574,14311,SUV,0
23,Female,49328,Student,391,5,No,Rent,PhD,Single,30,2216,31531,Truck,0
18,Male,66479,Teacher,829,5,No,Rent,PhD,Married,7,1783,15588,SUV,0
22,Male,128427,Manager,362,4,No,Own,Master,Married,9,2486,50416,Sedan,1
58,Female,40103,Business,811,2,No,Own,Bachelor,Single,25,3133,13380,SUV,0
29,Female,59891,Doctor,438,3,No,Rent,Bachelor,Single,33,1501,43645,Hatchback,0
43,Female,30754,Doctor,484,6,No,Own,Bachelor,Single,1,1546,18818,Hatchback,0
63,Female,119983,Teacher,504,5,Yes,Own,Master,Single,6,2676,31857,SUV,1
51,Male,101437,Engineer,513,5,No,Own,Bachelor,Married,18,2838,22711,Hatchback,1
31,Female,118540,Engineer,555,6,Yes,Own,PhD,Married,10,2355,6097,Hatchback,1
43,Female,92982,Manager,434,6,Yes,Own,Bachelor,Single,28,1000,29393,Sedan,1
62,Male,122747,Manager,387,2,Yes,Rent,High School,Single,11,2733,23076,Truck,1
44,Female,75922,Manager,506,5,Yes,Own,PhD,Single,33,3039,85274,Hatchback,1
26,Male,68231,Engineer,428,6,No,Own,Master,Married,1,4214,58609,Truck,0
43,Male,49301,Doctor,302,4,No,Own,Bachelor,Single,13,2832,30317,SUV,1
64,Male,111652,Engineer,420,4,No,Rent,High School,Single,37,1100,59480,SUV,1
39,Female,140787,Student,684,5,Yes,Rent,Master,Married,20,4784,8044,Hatchback,1
64,Female,146823,Business,337,6,No,Rent,Master,Married,1,1488,72033,SUV,1
47,Male,82711,Manager,640,2,No,Own,PhD,Single,3,2381,56486,Sedan,1
60,Female,61323,Doctor,320,2,No,Rent,Master,Single,18,4983,56162,Hatchback,0
34,Female,38752,Teacher,541,2,Yes,Rent,Master,Married,41,2254,80287,Hatchback,0
43,Male,117912,Teacher,754,1,Yes,Rent,Master,Single,14,2964,30882,Hatchback,1
53,Male,102205,Business,602,5,No,Rent,Master,Single,31,2723,55078,SUV,1
18,Female,118452,Doctor,368,2,Yes,Own,Bachelor,Married,27,4982,59734,SUV,1
25,Male,33395,Engineer,428,4,Yes,Rent,Bachelor,Married,17,1994,44826,Hatchback,0
52,Female,105957,Engineer,495,6,No,Rent,Bachelor,Married,46,1352,88985,Truck,1
32,Female,141237,Student,439,3,Yes,Own,Bachelor,Single,29,951,45028,SUV,1
64,Female,76273,Student,743,3,Yes,Own,High School,Married,36,2824,52331,SUV,1
39,Female,147431,Engineer,582,2,No,Rent,Bachelor,Married,37,2258,99938,Hatchback,1
31,Male,111878,Teacher,611,3,Yes,Own,Master,Single,26,4808,33543,Truck,1
43,Male,24895,Manager,834,3,Yes,Rent,Bachelor,Single,17,3853,30362,Hatchback,1
45,Male,139968,Teacher,576,1,Yes,Own,Bachelor,Married,22,4636,28315,SUV,1
40,Male,135700,Student,360,4,Yes,Own,PhD,Married,25,3838,28746,Hatchback,1
31,Female,96559,Business,618,4,Yes,Rent,Master,Single,2,3088,11057,Hatchback,0
41,Female,30699,Engineer,351,1,Yes,Own,Bachelor,Single,22,2282,43915,Hatchback,1
19,Male,85061,Student,452,1,Yes,Rent,Bachelor,Married,5,4020,22061,Truck,0
62,Female,29715,Student,610,3,Yes,Own,Bachelor,Married,4,2279,52370,Hatchback,1
43,Female,39169,Manager,843,5,No,Rent,High School,Single,36,3632,35157,SUV,1
31,Female,145436,Engineer,688,6,No,Own,Bachelor,Married,6,4073,12322,Hatchback,1
24,Male,138413,Manager,847,6,No,Own,PhD,Single,21,3718,70812,Truck,1
20,Male,36163,Engineer,476,3,No,Own,Master,Married,13,4257,78842,Sedan,0
64,Male,139264,Manager,661,6,Yes,Own,Master,Single,37,4516,35017,Truck,1
40,Female,25782,Teacher,613,1,No,Own,Bachelor,Single,25,3337,57792,Hatchback,0
63,Male,108177,Business,396,4,No,Rent,Bachelor,Married,26,2881,28742,Sedan,1
60,Male,149772,Business,512,6,Yes,Own,Bachelor,Married,39,4739,98136,Hatchback,1
64,Male,144481,Engineer,436,3,Yes,Rent,Master,Single,20,4436,65808,Truck,1
62,Male,104328,Doctor,305,5,Yes,Rent,Master,Married,33,4928,18629,Sedan,0
35,Male,135028,Student,408,3,Yes,Rent,High School,Married,14,1919,9245,Sedan,0
55,Male,55585,Student,846,2,Yes,Own,PhD,Married,36,4650,97950,Hatchback,1
52,Female,50682,Engineer,338,3,No,Rent,High School,Single,17,1830,44870,Hatchback,0
32,Female,67864,Manager,724,1,Yes,Own,PhD,Married,21,3417,96634,Truck,1
42,Male,149992,Doctor,560,4,No,Rent,High School,Married,46,1946,65829,Hatchback,1
54,Male,104416,Teacher,725,4,No,Rent,Master,Single,16,1940,11588,Sedan,1
45,Female,75114,Manager,386,6,Yes,Rent,High School,Married,46,4244,1442,SUV,0
27,Female,147810,Manager,764,1,No,Rent,PhD,Married,16,3344,78339,SUV,1
56,Male,58067,Engineer,375,2,No,Rent,Bachelor,Single,20,4675,41721,Truck,0
34,Male,62685,Engineer,770,1,Yes,Own,PhD,Single,29,1364,38145,Hatchback,1
56,Male,142262,Student,713,3,No,Rent,Bachelor,Married,28,971,11599,Truck,1
39,Male,38073,Engineer,756,1,No,Rent,Master,Married,8,2002,73594,SUV,1
43,Female,56035,Engineer,584,1,No,Own,PhD,Single,24,1910,83742,SUV,1
61,Male,84977,Engineer,538,2,Yes,Own,High School,Single,3,4270,78430,Hatchback,1
42,Male,122710,Student,671,3,Yes,Own,PhD,Married,25,2405,3939,Sedan,1
34,Male,110373,Teacher,794,5,Yes,Rent,Bachelor,Married,19,4501,23149,Hatchback,1
30,Male,103362,Teacher,344,5,No,Rent,Master,Married,33,4004,67567,SUV,1
37,Female,110517,Engineer,700,4,Yes,Rent,High School,Single,2,3983,11208,Sedan,1
42,Female,85450,Student,546,6,No,Rent,PhD,Married,15,1098,67098,Truck,1
21,Female,30382,Teacher,749,1,Yes,Rent,Bachelor,Single,22,1491,50492,SUV,1
27,Male,24437,Manager,784,4,No,Rent,High School,Single,10,2432,21951,Truck,1
20,Male,90971,Teacher,317,2,Yes,Own,Master,Single,18,3284,49920,Sedan,1
58,Female,84612,Teacher,588,5,Yes,Own,High School,Married,22,3541,47766,Truck,1
62,Male,110355,Student,713,1,No,Rent,Master,Married,46,566,58014,SUV,1
35,Male,81929,Manager,534,2,Yes,Rent,High School,Married,49,3898,29351,Hatchback,1
64,Female,122411,Student,715,6,No,Rent,PhD,Single,27,3250,85216,Truck,1
53,Female,117518,Engineer,798,2,Yes,Rent,Bachelor,Married,13,969,50386,SUV,1
64,Female,118864,Business,414,1,Yes,Rent,PhD,Single,33,2224,88122,SUV,1
39,Female,32329,Teacher,533,6,No,Own,PhD,Single,5,4485,10308,Sedan,0
51,Male,145605,Business,839,2,No,Own,Master,Single,26,2131,60252,SUV,1
64,Male,45169,Student,310,6,No,Rent,Master,Single,13,1274,76145,Hatchback,0
25,Female,107468,Student,505,1,Yes,Own,Master,Single,27,3512,96031,Hatchback,1
57,Male,54594,Student,546,1,No,Rent,PhD,Single,14,3003,84211,Truck,0
61,Female,96957,Business,426,6,Yes,Rent,High School,Married,24,1986,29064,Truck,1
36,Female,80631,Student,446,3,No,Rent,High School,Single,3,4519,54879,Truck,1
59,Male,65033,Engineer,417,4,No,Own,PhD,Married,47,4727,9720,Truck,0
58,Female,83133,Student,681,2,No,Own,PhD,Single,49,1429,43940,Hatchback,1
54,Male,93165,Doctor,711,2,No,Rent,Bachelor,Married,30,3512,80993,Sedan,1
23,Male,93861,Business,662,3,No,Own,Master,Married,35,2005,69475,Truck,1
43,Male,72290,Doctor,808,3,No,Own,Master,Married,48,3444,48113,Sedan,1
51,Male,114031,Student,436,3,Yes,Rent,PhD,Married,14,3319,49926,SUV,1
62,Female,51750,Engineer,474,5,No,Own,PhD,Single,12,1684,39203,SUV,1
23,Male,115155,Teacher,588,5,Yes,Own,High School,Single,28,788,89901,Truck,1
54,Female,60461,Manager,780,6,No,Rent,PhD,Single,44,2311,6392,SUV,0
50,Female,93800,Manager,318,5,No,Rent,High School,Single,29,1027,26905,Sedan,1
39,Female,98222,Student,494,1,No,Own,PhD,Married,43,1416,74508,Sedan,1
38,Female,132020,Engineer,629,6,Yes,Rent,Bachelor,Married,17,2208,51385,SUV,1
23,Male,44226,Business,474,2,Yes,Own,Bachelor,Married,40,4074,31653,Truck,0
23,Male,26721,Doctor,748,4,No,Rent,High School,Single,49,3819,92865,Sedan,0
21,Female,76154,Doctor,653,1,Yes,Rent,Master,Married,21,1906,85720,Sedan,1
47,Female,40609,Doctor,798,2,No,Rent,Bachelor,Single,23,1741,15799,Hatchback,0
28,Male,72130,Business,440,2,No,Rent,High School,Married,20,3633,61103,Truck,1
47,Female,92909,Manager,392,6,Yes,Own,PhD,Married,11,1298,16052,Hatchback,1
48,Male,124211,Engineer,538,3,Yes,Rent,PhD,Married,34,2023,7044,SUV,0
41,Female,75249,Business,504,3,Yes,Rent,High School,Married,10,4607,20871,SUV,1
26,Male,68895,Doctor,732,1,Yes,Rent,Master,Married,10,3388,90303,Hatchback,1
20,Female,114473,Student,544,3,No,Own,High School,Single,43,3190,21234,Truck,1
48,Female,25656,Teacher,616,2,Yes,Own,High School,Married,6,4591,22381,Sedan,0
57,Male,144865,Business,594,3,Yes,Rent,Bachelor,Single,36,1741,18274,SUV,0
54,Female,94520,Business,581,5,No,Rent,High School,Single,24,1190,88840,Truck,1
53,Female,83740,Engineer,316,3,Yes,Rent,High School,Single,12,1027,84108,Truck,1
41,Male,84309,Engineer,370,2,Yes,Rent,PhD,Single,43,1995,50892,SUV,1
48,Female,49984,Business,568,6,Yes,Rent,Bachelor,Single,23,4325,51521,SUV,0
23,Male,138947,Doctor,624,1,Yes,Rent,PhD,Single,27,3393,92501,Truck,0
19,Male,93822,Teacher,604,4,No,Own,PhD,Single,45,1392,84920,Sedan,1
37,Female,25901,Engineer,750,3,No,Rent,Master,Single,37,886,84391,Hatchback,1
45,Female,51552,Doctor,306,2,Yes,Rent,Master,Married,6,1749,18920,SUV,0
28,Female,111245,Student,613,4,Yes,Rent,Bachelor,Married,1,3028,17702,Hatchback,0
21,Female,51055,Engineer,402,4,No,Rent,Bachelor,Single,6,4028,2894,Truck,0
32,Female,57685,Doctor,492,5,Yes,Rent,Master,Single,22,1397,31985,Hatchback,0
23,Female,93965,Doctor,828,4,Yes,Rent,Master,Single,41,1210,29287,Sedan,1
47,Female,34716,Teacher,470,6,Yes,Own,Master,Married,24,4195,74527,Truck,0
55,Male,134099,Teacher,836,2,Yes,Own,Master,Married,25,3186,16439,Sedan,1
19,Female,31138,Student,550,2,Yes,Own,Master,Single,15,915,95620,Truck,0
32,Male,55298,Doctor,686,3,Yes,Own,PhD,Single,26,1971,43235,Sedan,1
28,Female,71112,Manager,506,3,Yes,Own,Bachelor,Married,8,4680,28659,Truck,1
25,Female,43429,Doctor,840,3,Yes,Own,PhD,Married,24,4762,25976,Sedan,1
43,Male,70200,Teacher,715,6,Yes,Rent,PhD,Single,48,2931,83643,Truck,1
62,Female,91308,Manager,679,4,No,Rent,High School,Single,38,3015,68865,Sedan,1
61,Female,68244,Engineer,443,4,No,Rent,PhD,Single,6,1595,69306,Truck,0
22,Male,137217,Engineer,324,5,No,Rent,Master,Single,35,1309,57697,Sedan,1
23,Female,134055,Business,372,6,Yes,Rent,Master,Married,42,3544,71382,SUV,0
43,Female,121268,Teacher,392,3,Yes,Rent,High School,Married,1,1492,17651,Hatchback,0
21,Female,125441,Business,804,1,No,Own,High School,Single,46,1781,50044,Truck,1
36,Male,37347,Manager,635,5,Yes,Rent,High School,Single,36,4870,15633,Sedan,0
37,Female,36920,Teacher,724,1,No,Own,High School,Single,12,2273,80164,SUV,1
50,Female,51822,Student,798,4,Yes,Own,High School,Married,38,4061,1569,Truck,0
37,Female,66659,Doctor,663,5,No,Rent,PhD,Single,11,4316,60900,Truck,1
29,Female,60108,Student,498,5,No,Rent,High School,Single,12,2256,68509,Truck,0
64,Male,148955,Manager,712,2,No,Rent,PhD,Single,42,2873,34038,Hatchback,1
18,Male,109099,Teacher,638,4,Yes,Rent,Bachelor,Married,39,3076,50088,Sedan,0
43,Female,27967,Manager,728,4,No,Rent,High School,Single,7,1391,74177,Sedan,1
31,Female,130719,Doctor,438,6,Yes,Rent,High School,Married,11,4684,75466,Truck,1
55,Male,31871,Engineer,841,5,Yes,Rent,PhD,Single,36,1207,73216,Truck,1
54,Male,114299,Engineer,356,4,Yes,Own,Bachelor,Single,31,2897,67793,Truck,1
28,Female,97452,Manager,531,5,Yes,Rent,PhD,Single,33,4982,74786,SUV,1
53,Male,94270,Business,734,6,Yes,Rent,PhD,Married,13,2634,39138,Truck,1
30,Female,53613,Teacher,683,6,Yes,Own,High School,Single,18,2854,64310,Hatchback,1
60,Male,48179,Teacher,493,2,Yes,Rent,Master,Single,41,1476,29757,Sedan,0
20,Male,140465,Engineer,833,5,No,Rent,Master,Married,24,1234,71394,Hatchback,1
50,Male,72188,Student,817,4,No,Own,PhD,Married,9,2968,80027,Truck,1
23,Male,75099,Doctor,484,4,No,Rent,High School,Married,31,3040,91830,SUV,0
27,Female,55262,Student,591,5,Yes,Rent,Bachelor,Single,41,1132,57151,Truck,0
22,Male,98213,Student,634,5,Yes,Rent,Master,Married,10,4768,50272,Truck,0
40,Male,137407,Manager,415,5,Yes,Rent,Bachelor,Single,2,4599,7908,Truck,0
27,Female,38268,Engineer,348,3,Yes,Rent,Master,Married,38,3401,11844,Truck,0
61,Male,97866,Engineer,381,4,No,Rent,High School,Married,15,2163,52455,Truck,1
19,Male,106269,Engineer,632,6,Yes,Own,PhD,Married,3,2515,69447,Sedan,1
